<?xml version="1.0" encoding="utf-8" standalone="no"?>
<activity name="de.arnowelzel.android.periodical.AboutActivity">
    <on_create>
        <string value="Lde/arnowelzel/android/periodical/AboutActivity;-&gt;onCreate(Landroid/os/Bundle;)V-&gt;entry-&gt;0"/>
        <string value="file:///android_asset/"/>
        <string value="Lde/arnowelzel/android/periodical/AboutActivity;-&gt;onCreate(Landroid/os/Bundle;)V-&gt;exit-&gt;28"/>
    </on_create>
</activity>
<activity name="de.arnowelzel.android.periodical.DetailsActivity">
    <on_create>
        <string value="Lde/arnowelzel/android/periodical/DetailsActivity;-&gt;onCreate(Landroid/os/Bundle;)V-&gt;entry-&gt;0"/>
        <string value="%s"/>
        <string value="Lde/arnowelzel/android/periodical/DetailsActivity;-&gt;onCreate(Landroid/os/Bundle;)V-&gt;if-&gt;60"/>
        <string value="0:Lde/arnowelzel/android/periodical/DetailsActivity;-&gt;onCreate(Landroid/os/Bundle;)V-&gt;60"/>
        <string value="0:Lde/arnowelzel/android/periodical/DetailsActivity;-&gt;onCreate(Landroid/os/Bundle;)V-&gt;61"/>
        <string value="Lde/arnowelzel/android/periodical/DetailsActivity;-&gt;onCreate(Landroid/os/Bundle;)V-&gt;61"/>
        <string value="Lde/arnowelzel/android/periodical/DetailsActivity;-&gt;onCreate(Landroid/os/Bundle;)V-&gt;62"/>
        <string value="Lde/arnowelzel/android/periodical/DetailsActivity;-&gt;onCreate(Landroid/os/Bundle;)V-&gt;67"/>
        <string value="Lde/arnowelzel/android/periodical/DetailsActivity;-&gt;onCreate(Landroid/os/Bundle;)V-&gt;if-&gt;93"/>
        <string value="0:Lde/arnowelzel/android/periodical/DetailsActivity;-&gt;onCreate(Landroid/os/Bundle;)V-&gt;93"/>
        <string value="0:Lde/arnowelzel/android/periodical/DetailsActivity;-&gt;onCreate(Landroid/os/Bundle;)V-&gt;94"/>
        <string value="Lde/arnowelzel/android/periodical/DetailsActivity;-&gt;onCreate(Landroid/os/Bundle;)V-&gt;94"/>
        <string value="Lde/arnowelzel/android/periodical/DetailsActivity;-&gt;onCreate(Landroid/os/Bundle;)V-&gt;95"/>
        <string value="Lde/arnowelzel/android/periodical/DetailsActivity;-&gt;onCreate(Landroid/os/Bundle;)V-&gt;if-&gt;96"/>
        <string value="0:Lde/arnowelzel/android/periodical/DetailsActivity;-&gt;onCreate(Landroid/os/Bundle;)V-&gt;96"/>
        <string value="Lde/arnowelzel/android/periodical/DetailsActivity;-&gt;onCreate(Landroid/os/Bundle;)V-&gt;97"/>
        <string value="Lde/arnowelzel/android/periodical/DetailsActivity;-&gt;onCreate(Landroid/os/Bundle;)V-&gt;if-&gt;98"/>
        <string value="0:Lde/arnowelzel/android/periodical/DetailsActivity;-&gt;onCreate(Landroid/os/Bundle;)V-&gt;98"/>
        <string value="Lde/arnowelzel/android/periodical/DetailsActivity;-&gt;onCreate(Landroid/os/Bundle;)V-&gt;99"/>
        <string value="Lde/arnowelzel/android/periodical/DetailsActivity;-&gt;onCreate(Landroid/os/Bundle;)V-&gt;100"/>
        <string value="Lde/arnowelzel/android/periodical/DetailsActivity;-&gt;onCreate(Landroid/os/Bundle;)V-&gt;102"/>
        <string value="Lde/arnowelzel/android/periodical/DetailsActivity;-&gt;onCreate(Landroid/os/Bundle;)V-&gt;104"/>
        <string value="Lde/arnowelzel/android/periodical/DetailsActivity;-&gt;onCreate(Landroid/os/Bundle;)V-&gt;105"/>
        <string value="Lde/arnowelzel/android/periodical/DetailsActivity;-&gt;onCreate(Landroid/os/Bundle;)V-&gt;if-&gt;170"/>
        <string value="4:Lde/arnowelzel/android/periodical/DetailsActivity;-&gt;onCreate(Landroid/os/Bundle;)V-&gt;170"/>
        <string value="Lde/arnowelzel/android/periodical/DetailsActivity;-&gt;onCreate(Landroid/os/Bundle;)V-&gt;171"/>
        <string value="label_details_ev%d"/>
        <string value="string"/>
        <string value="Lde/arnowelzel/android/periodical/DetailsActivity;-&gt;onCreate(Landroid/os/Bundle;)V-&gt;if-&gt;183"/>
        <string value="0:Lde/arnowelzel/android/periodical/DetailsActivity;-&gt;onCreate(Landroid/os/Bundle;)V-&gt;183"/>
        <string value="Lde/arnowelzel/android/periodical/DetailsActivity;-&gt;onCreate(Landroid/os/Bundle;)V-&gt;184"/>
        <string value="Lde/arnowelzel/android/periodical/DetailsActivity;-&gt;onCreate(Landroid/os/Bundle;)V-&gt;if-&gt;197"/>
        <string value="0:Lde/arnowelzel/android/periodical/DetailsActivity;-&gt;onCreate(Landroid/os/Bundle;)V-&gt;197"/>
        <string value="Lde/arnowelzel/android/periodical/DetailsActivity;-&gt;onCreate(Landroid/os/Bundle;)V-&gt;198"/>
        <string value="Lde/arnowelzel/android/periodical/DetailsActivity;-&gt;onCreate(Landroid/os/Bundle;)V-&gt;199"/>
        <string value="Lde/arnowelzel/android/periodical/DetailsActivity;-&gt;onCreate(Landroid/os/Bundle;)V-&gt;if-&gt;200"/>
        <string value="4:Lde/arnowelzel/android/periodical/DetailsActivity;-&gt;onCreate(Landroid/os/Bundle;)V-&gt;200"/>
        <string value="Lde/arnowelzel/android/periodical/DetailsActivity;-&gt;onCreate(Landroid/os/Bundle;)V-&gt;201"/>
        <string value="2:Lde/arnowelzel/android/periodical/DetailsActivity;-&gt;onCreate(Landroid/os/Bundle;)V-&gt;203"/>
        <string value="Lde/arnowelzel/android/periodical/DetailsActivity;-&gt;onCreate(Landroid/os/Bundle;)V-&gt;203"/>
        <string value="Lde/arnowelzel/android/periodical/DetailsActivity;-&gt;onCreate(Landroid/os/Bundle;)V-&gt;204"/>
        <string value="Lde/arnowelzel/android/periodical/DetailsActivity;-&gt;onCreate(Landroid/os/Bundle;)V-&gt;if-&gt;205"/>
        <string value="4:Lde/arnowelzel/android/periodical/DetailsActivity;-&gt;onCreate(Landroid/os/Bundle;)V-&gt;205"/>
        <string value="Lde/arnowelzel/android/periodical/DetailsActivity;-&gt;onCreate(Landroid/os/Bundle;)V-&gt;206"/>
        <string value="Lde/arnowelzel/android/periodical/DetailsActivity;-&gt;onCreate(Landroid/os/Bundle;)V-&gt;208"/>
        <string value="Lde/arnowelzel/android/periodical/DetailsActivity;-&gt;onCreate(Landroid/os/Bundle;)V-&gt;209"/>
        <string value="Lde/arnowelzel/android/periodical/DetailsActivity;-&gt;onCreate(Landroid/os/Bundle;)V-&gt;214"/>
        <string value="Lde/arnowelzel/android/periodical/DetailsActivity;-&gt;onCreate(Landroid/os/Bundle;)V-&gt;exit-&gt;214"/>
        <extra key="year" type="Int"/>
        <extra key="month" type="Int"/>
        <extra key="day" type="Int"/>
    </on_create>
</activity>
<activity name="de.arnowelzel.android.periodical.HelpActivity">
    <on_create>
        <string value="Lde/arnowelzel/android/periodical/HelpActivity;-&gt;onCreate(Landroid/os/Bundle;)V-&gt;entry-&gt;0"/>
        <string value="file:///android_asset/"/>
        <string value="Lde/arnowelzel/android/periodical/HelpActivity;-&gt;onCreate(Landroid/os/Bundle;)V-&gt;exit-&gt;25"/>
    </on_create>
</activity>
<activity name="de.arnowelzel.android.periodical.ListActivity">
    <on_create>
        <string value="Lde/arnowelzel/android/periodical/ListActivity;-&gt;onCreate(Landroid/os/Bundle;)V-&gt;entry-&gt;0"/>
        <string value="maximum_cycle_length"/>
        <string value="183"/>
        <string value="
"/>
        <string value="Lde/arnowelzel/android/periodical/ListActivity;-&gt;onCreate(Landroid/os/Bundle;)V-&gt;if-&gt;37"/>
        <string value="0:Lde/arnowelzel/android/periodical/ListActivity;-&gt;onCreate(Landroid/os/Bundle;)V-&gt;37"/>
        <string value="0:Lde/arnowelzel/android/periodical/ListActivity;-&gt;onCreate(Landroid/os/Bundle;)V-&gt;38"/>
        <string value="Lde/arnowelzel/android/periodical/ListActivity;-&gt;onCreate(Landroid/os/Bundle;)V-&gt;38"/>
        <string value="Lde/arnowelzel/android/periodical/ListActivity;-&gt;onCreate(Landroid/os/Bundle;)V-&gt;39"/>
        <string value="Lde/arnowelzel/android/periodical/ListActivity;-&gt;onCreate(Landroid/os/Bundle;)V-&gt;41"/>
        <string value="Lde/arnowelzel/android/periodical/ListActivity;-&gt;onCreate(Landroid/os/Bundle;)V-&gt;if-&gt;52"/>
        <string value="0:Lde/arnowelzel/android/periodical/ListActivity;-&gt;onCreate(Landroid/os/Bundle;)V-&gt;52"/>
        <string value="Lde/arnowelzel/android/periodical/ListActivity;-&gt;onCreate(Landroid/os/Bundle;)V-&gt;53"/>
        <string value="Lde/arnowelzel/android/periodical/ListActivity;-&gt;onCreate(Landroid/os/Bundle;)V-&gt;54"/>
        <string value=" — "/>
        <string value="Lde/arnowelzel/android/periodical/ListActivity;-&gt;onCreate(Landroid/os/Bundle;)V-&gt;if-&gt;67"/>
        <string value="0:Lde/arnowelzel/android/periodical/ListActivity;-&gt;onCreate(Landroid/os/Bundle;)V-&gt;67"/>
        <string value="Lde/arnowelzel/android/periodical/ListActivity;-&gt;onCreate(Landroid/os/Bundle;)V-&gt;68"/>
        <string value="Lde/arnowelzel/android/periodical/ListActivity;-&gt;onCreate(Landroid/os/Bundle;)V-&gt;if-&gt;76"/>
        <string value="5:Lde/arnowelzel/android/periodical/ListActivity;-&gt;onCreate(Landroid/os/Bundle;)V-&gt;76"/>
        <string value="Lde/arnowelzel/android/periodical/ListActivity;-&gt;onCreate(Landroid/os/Bundle;)V-&gt;77"/>
        <string value="Lde/arnowelzel/android/periodical/ListActivity;-&gt;onCreate(Landroid/os/Bundle;)V-&gt;97"/>
        <string value="
%s"/>
        <string value="Lde/arnowelzel/android/periodical/ListActivity;-&gt;onCreate(Landroid/os/Bundle;)V-&gt;114"/>
        <string value="2:Lde/arnowelzel/android/periodical/ListActivity;-&gt;onCreate(Landroid/os/Bundle;)V-&gt;116"/>
        <string value="Lde/arnowelzel/android/periodical/ListActivity;-&gt;onCreate(Landroid/os/Bundle;)V-&gt;116"/>
        <string value="Lde/arnowelzel/android/periodical/ListActivity;-&gt;onCreate(Landroid/os/Bundle;)V-&gt;117"/>
        <string value="Lde/arnowelzel/android/periodical/ListActivity;-&gt;onCreate(Landroid/os/Bundle;)V-&gt;130"/>
        <string value="Lde/arnowelzel/android/periodical/ListActivity;-&gt;onCreate(Landroid/os/Bundle;)V-&gt;exit-&gt;144"/>
    </on_create>
</activity>
<activity name="de.arnowelzel.android.periodical.ListDetailsActivity">
    <on_create>
        <string value="Lde/arnowelzel/android/periodical/ListDetailsActivity;-&gt;onCreate(Landroid/os/Bundle;)V-&gt;entry-&gt;0"/>
        <string value="Lde/arnowelzel/android/periodical/ListDetailsActivity;-&gt;onCreate(Landroid/os/Bundle;)V-&gt;if-&gt;15"/>
        <string value="0:Lde/arnowelzel/android/periodical/ListDetailsActivity;-&gt;onCreate(Landroid/os/Bundle;)V-&gt;15"/>
        <string value="Lde/arnowelzel/android/periodical/ListDetailsActivity;-&gt;onCreate(Landroid/os/Bundle;)V-&gt;16"/>
        <string value="Lde/arnowelzel/android/periodical/ListDetailsActivity;-&gt;onCreate(Landroid/os/Bundle;)V-&gt;22"/>
        <string value="Lde/arnowelzel/android/periodical/ListDetailsActivity;-&gt;onCreate(Landroid/os/Bundle;)V-&gt;exit-&gt;40"/>
    </on_create>
</activity>
<activity name="de.arnowelzel.android.periodical.MainActivity">
    <on_create>
        <string value="Lde/arnowelzel/android/periodical/MainActivity;-&gt;onCreate(Landroid/os/Bundle;)V-&gt;entry-&gt;0"/>
        <string value="Lde/arnowelzel/android/periodical/MainActivity;-&gt;onCreate(Landroid/os/Bundle;)V-&gt;exit-&gt;6"/>
    </on_create>
</activity>
<activity name="de.arnowelzel.android.periodical.MainActivityApp">
    <on_create>
        <string value="Lde/arnowelzel/android/periodical/MainActivityApp;-&gt;onCreate(Landroid/os/Bundle;)V-&gt;entry-&gt;0"/>
        <string value="locale"/>
        <string value="system"/>
        <string value="Lde/arnowelzel/android/periodical/MainActivityApp;-&gt;onCreate(Landroid/os/Bundle;)V-&gt;if-&gt;49"/>
        <string value="1:Lde/arnowelzel/android/periodical/MainActivityApp;-&gt;onCreate(Landroid/os/Bundle;)V-&gt;49"/>
        <string value="Lde/arnowelzel/android/periodical/MainActivityApp;-&gt;onCreate(Landroid/os/Bundle;)V-&gt;50"/>
        <string value="Lde/arnowelzel/android/periodical/MainActivityApp;-&gt;onCreate(Landroid/os/Bundle;)V-&gt;52"/>
        <string value="Lde/arnowelzel/android/periodical/MainActivityApp;-&gt;onCreate(Landroid/os/Bundle;)V-&gt;exit-&gt;62"/>
    </on_create>
</activity>
<activity name="de.arnowelzel.android.periodical.b">
    <on_create>
        <string value="Lde/arnowelzel/android/periodical/b;-&gt;onCreate(Landroid/os/Bundle;)V-&gt;entry-&gt;0"/>
        <string value="Lde/arnowelzel/android/periodical/b;-&gt;onCreate(Landroid/os/Bundle;)V-&gt;exit-&gt;7"/>
    </on_create>
</activity>
<activity name="de.arnowelzel.android.periodical.PreferenceActivity">
    <on_create>
        <string value="Lde/arnowelzel/android/periodical/PreferenceActivity;-&gt;onCreate(Landroid/os/Bundle;)V-&gt;entry-&gt;0"/>
        <string value="period_length"/>
        <string value="luteal_length"/>
        <string value="maximum_cycle_length"/>
        <string value="Lde/arnowelzel/android/periodical/PreferenceActivity;-&gt;onCreate(Landroid/os/Bundle;)V-&gt;exit-&gt;33"/>
    </on_create>
</activity>
