<?xml version="1.0" encoding="utf-8" standalone="no"?>
<strings class='de.arnowelzel.android.periodical.AboutActivity' type='activity'>
    <string value='Lde/arnowelzel/android/periodical/AboutActivity;-&gt;&lt;clinit&gt;()V-&gt;entry-&gt;0'/>
    <string value='Lde/arnowelzel/android/periodical/AboutActivity;-&gt;onResume()V-&gt;entry'/>
    <string value='Lde/arnowelzel/android/periodical/AboutActivity;-&gt;onStop()V-&gt;entry'/>
    <string value='Lde/arnowelzel/android/periodical/AboutActivity;-&gt;onOptionsItemSelected(Landroid/view/MenuItem;)Z-&gt;exit-&gt;9'/>
    <string value='Lde/arnowelzel/android/periodical/AboutActivity;-&gt;onStop()V-&gt;exit'/>
    <string value='Lde/arnowelzel/android/periodical/AboutActivity;-&gt;onStart()V-&gt;entry'/>
    <string value='Lde/arnowelzel/android/periodical/AboutActivity;-&gt;onOptionsItemSelected(Landroid/view/MenuItem;)Z-&gt;if-&gt;3'/>
    <string value='Lde/arnowelzel/android/periodical/AboutActivity;-&gt;onOptionsItemSelected(Landroid/view/MenuItem;)Z-&gt;exit-&gt;6'/>
    <string value='Lde/arnowelzel/android/periodical/AboutActivity;-&gt;onOptionsItemSelected(Landroid/view/MenuItem;)Z-&gt;entry-&gt;0'/>
    <string value='file:///android_asset/'/>
    <string value='Lde/arnowelzel/android/periodical/AboutActivity;-&gt;onCreate(Landroid/os/Bundle;)V-&gt;entry-&gt;0'/>
    <string value='Lde/arnowelzel/android/periodical/AboutActivity;-&gt;&lt;init&gt;()V-&gt;exit-&gt;1'/>
    <string value='Lde/arnowelzel/android/periodical/AboutActivity;-&gt;&lt;clinit&gt;()V-&gt;exit-&gt;1'/>
    <string value='0:Lde/arnowelzel/android/periodical/AboutActivity;-&gt;onOptionsItemSelected(Landroid/view/MenuItem;)Z-&gt;3'/>
    <string value='Lde/arnowelzel/android/periodical/AboutActivity;-&gt;onCreate(Landroid/os/Bundle;)V-&gt;exit-&gt;28'/>
    <string value='Lde/arnowelzel/android/periodical/AboutActivity;-&gt;onDestroy()V-&gt;entry'/>
    <string value='Lde/arnowelzel/android/periodical/AboutActivity;-&gt;onOptionsItemSelected(Landroid/view/MenuItem;)Z-&gt;4'/>
    <string value='Lde/arnowelzel/android/periodical/AboutActivity;-&gt;onRestart()V-&gt;entry'/>
    <string value='Lde/arnowelzel/android/periodical/AboutActivity;-&gt;onPause()V-&gt;entry'/>
    <string value='Lde/arnowelzel/android/periodical/AboutActivity;-&gt;onStart()V-&gt;exit'/>
    <string value='Lde/arnowelzel/android/periodical/AboutActivity;-&gt;onPause()V-&gt;exit'/>
    <string value='Lde/arnowelzel/android/periodical/AboutActivity;-&gt;onResume()V-&gt;exit'/>
    <string value='Lde/arnowelzel/android/periodical/AboutActivity;-&gt;onOptionsItemSelected(Landroid/view/MenuItem;)Z-&gt;7'/>
    <string value='Lde/arnowelzel/android/periodical/AboutActivity;-&gt;onRestart()V-&gt;exit'/>
    <string value='Lde/arnowelzel/android/periodical/AboutActivity;-&gt;&lt;init&gt;()V-&gt;entry-&gt;0'/>
    <string value='Lde/arnowelzel/android/periodical/AboutActivity;-&gt;onDestroy()V-&gt;exit'/>
</strings>
<strings class='de.arnowelzel.android.periodical.DetailsActivity' type='activity'>
    <string value='Lde/arnowelzel/android/periodical/DetailsActivity;-&gt;onCreate(Landroid/os/Bundle;)V-&gt;entry-&gt;0'/>
    <string value='year'/>
    <string value='Lde/arnowelzel/android/periodical/DetailsActivity;-&gt;onClick(Landroid/view/View;)V-&gt;if-&gt;57'/>
    <string value='Lde/arnowelzel/android/periodical/DetailsActivity;-&gt;beforeTextChanged(Ljava/lang/CharSequence;III)V-&gt;exit-&gt;0'/>
    <string value='Lde/arnowelzel/android/periodical/DetailsActivity;-&gt;onStop()V-&gt;entry'/>
    <string value='Lde/arnowelzel/android/periodical/DetailsActivity;-&gt;onCreate(Landroid/os/Bundle;)V-&gt;105'/>
    <string value='Lde/arnowelzel/android/periodical/DetailsActivity;-&gt;onCreate(Landroid/os/Bundle;)V-&gt;104'/>
    <string value='Lde/arnowelzel/android/periodical/DetailsActivity;-&gt;H()V-&gt;entry-&gt;0'/>
    <string value='Lde/arnowelzel/android/periodical/DetailsActivity;-&gt;onCreate(Landroid/os/Bundle;)V-&gt;102'/>
    <string value='Lde/arnowelzel/android/periodical/DetailsActivity;-&gt;onCreate(Landroid/os/Bundle;)V-&gt;100'/>
    <string value='Lde/arnowelzel/android/periodical/DetailsActivity;-&gt;onCreate(Landroid/os/Bundle;)V-&gt;184'/>
    <string value='Lde/arnowelzel/android/periodical/DetailsActivity;-&gt;onClick(Landroid/view/View;)V-&gt;58'/>
    <string value='Lde/arnowelzel/android/periodical/DetailsActivity;-&gt;onCreate(Landroid/os/Bundle;)V-&gt;if-&gt;60'/>
    <string value='Lde/arnowelzel/android/periodical/DetailsActivity;-&gt;afterTextChanged(Landroid/text/Editable;)V-&gt;entry-&gt;0'/>
    <string value='Lde/arnowelzel/android/periodical/DetailsActivity;-&gt;onPause()V-&gt;exit'/>
    <string value='Lde/arnowelzel/android/periodical/DetailsActivity;-&gt;onCreate(Landroid/os/Bundle;)V-&gt;if-&gt;197'/>
    <string value='Lde/arnowelzel/android/periodical/DetailsActivity;-&gt;onCreate(Landroid/os/Bundle;)V-&gt;209'/>
    <string value='Lde/arnowelzel/android/periodical/DetailsActivity;-&gt;onCreate(Landroid/os/Bundle;)V-&gt;208'/>
    <string value='Lde/arnowelzel/android/periodical/DetailsActivity;-&gt;onCreate(Landroid/os/Bundle;)V-&gt;206'/>
    <string value='Lde/arnowelzel/android/periodical/DetailsActivity;-&gt;onCreate(Landroid/os/Bundle;)V-&gt;214'/>
    <string value='Lde/arnowelzel/android/periodical/DetailsActivity;-&gt;onCreate(Landroid/os/Bundle;)V-&gt;exit-&gt;214'/>
    <string value='Lde/arnowelzel/android/periodical/DetailsActivity;-&gt;onCreate(Landroid/os/Bundle;)V-&gt;171'/>
    <string value='0:Lde/arnowelzel/android/periodical/DetailsActivity;-&gt;onCreate(Landroid/os/Bundle;)V-&gt;98'/>
    <string value='0:Lde/arnowelzel/android/periodical/DetailsActivity;-&gt;onCreate(Landroid/os/Bundle;)V-&gt;96'/>
    <string value='Lde/arnowelzel/android/periodical/DetailsActivity;-&gt;onClick(Landroid/view/View;)V-&gt;if-&gt;71'/>
    <string value='0:Lde/arnowelzel/android/periodical/DetailsActivity;-&gt;onCreate(Landroid/os/Bundle;)V-&gt;94'/>
    <string value='0:Lde/arnowelzel/android/periodical/DetailsActivity;-&gt;onCreate(Landroid/os/Bundle;)V-&gt;93'/>
    <string value='Lde/arnowelzel/android/periodical/DetailsActivity;-&gt;onClick(Landroid/view/View;)V-&gt;exit-&gt;89'/>
    <string value='0:Lde/arnowelzel/android/periodical/DetailsActivity;-&gt;onCreate(Landroid/os/Bundle;)V-&gt;197'/>
    <string value='4:Lde/arnowelzel/android/periodical/DetailsActivity;-&gt;onClick(Landroid/view/View;)V-&gt;57'/>
    <string value='Lde/arnowelzel/android/periodical/DetailsActivity;-&gt;onClick(Landroid/view/View;)V-&gt;if-&gt;77'/>
    <string value='Lde/arnowelzel/android/periodical/DetailsActivity;-&gt;onOptionsItemSelected(Landroid/view/MenuItem;)Z-&gt;entry-&gt;0'/>
    <string value='Lde/arnowelzel/android/periodical/DetailsActivity;-&gt;onClick(Landroid/view/View;)V-&gt;72'/>
    <string value='Lde/arnowelzel/android/periodical/DetailsActivity;-&gt;&lt;clinit&gt;()V-&gt;entry-&gt;0'/>
    <string value='Lde/arnowelzel/android/periodical/DetailsActivity;-&gt;onClick(Landroid/view/View;)V-&gt;78'/>
    <string value='Lde/arnowelzel/android/periodical/DetailsActivity;-&gt;H()V-&gt;exit-&gt;5'/>
    <string value='Lde/arnowelzel/android/periodical/DetailsActivity;-&gt;onDestroy()V-&gt;entry-&gt;0'/>
    <string value='0:Lde/arnowelzel/android/periodical/DetailsActivity;-&gt;onClick(Landroid/view/View;)V-&gt;77'/>
    <string value='Lde/arnowelzel/android/periodical/DetailsActivity;-&gt;onClick(Landroid/view/View;)V-&gt;83'/>
    <string value='Lde/arnowelzel/android/periodical/DetailsActivity;-&gt;onCreate(Landroid/os/Bundle;)V-&gt;199'/>
    <string value='Lde/arnowelzel/android/periodical/DetailsActivity;-&gt;onCreate(Landroid/os/Bundle;)V-&gt;198'/>
    <string value='Lde/arnowelzel/android/periodical/DetailsActivity;-&gt;onCreate(Landroid/os/Bundle;)V-&gt;99'/>
    <string value='Lde/arnowelzel/android/periodical/DetailsActivity;-&gt;onTextChanged(Ljava/lang/CharSequence;III)V-&gt;exit-&gt;0'/>
    <string value='Lde/arnowelzel/android/periodical/DetailsActivity;-&gt;onCreate(Landroid/os/Bundle;)V-&gt;97'/>
    <string value='Lde/arnowelzel/android/periodical/DetailsActivity;-&gt;onClick(Landroid/view/View;)V-&gt;85'/>
    <string value='Lde/arnowelzel/android/periodical/DetailsActivity;-&gt;onCreate(Landroid/os/Bundle;)V-&gt;95'/>
    <string value='Lde/arnowelzel/android/periodical/DetailsActivity;-&gt;onCreate(Landroid/os/Bundle;)V-&gt;94'/>
    <string value='Lde/arnowelzel/android/periodical/DetailsActivity;-&gt;onStart()V-&gt;entry'/>
    <string value='Lde/arnowelzel/android/periodical/DetailsActivity;-&gt;onOptionsItemSelected(Landroid/view/MenuItem;)Z-&gt;if-&gt;4'/>
    <string value='Lde/arnowelzel/android/periodical/DetailsActivity;-&gt;onDestroy()V-&gt;if-&gt;2'/>
    <string value='0:Lde/arnowelzel/android/periodical/DetailsActivity;-&gt;onClick(Landroid/view/View;)V-&gt;71'/>
    <string value='Lde/arnowelzel/android/periodical/DetailsActivity;-&gt;onResume()V-&gt;entry'/>
    <string value='Lde/arnowelzel/android/periodical/DetailsActivity;-&gt;onCreate(Landroid/os/Bundle;)V-&gt;if-&gt;200'/>
    <string value='Lde/arnowelzel/android/periodical/DetailsActivity;-&gt;onCreate(Landroid/os/Bundle;)V-&gt;if-&gt;205'/>
    <string value='Lde/arnowelzel/android/periodical/DetailsActivity;-&gt;onPause()V-&gt;entry'/>
    <string value='Lde/arnowelzel/android/periodical/DetailsActivity;-&gt;onTextChanged(Ljava/lang/CharSequence;III)V-&gt;entry-&gt;0'/>
    <string value='Lde/arnowelzel/android/periodical/DetailsActivity;-&gt;onCreate(Landroid/os/Bundle;)V-&gt;67'/>
    <string value='Lde/arnowelzel/android/periodical/DetailsActivity;-&gt;onCreate(Landroid/os/Bundle;)V-&gt;62'/>
    <string value='day'/>
    <string value='Lde/arnowelzel/android/periodical/DetailsActivity;-&gt;onCreate(Landroid/os/Bundle;)V-&gt;61'/>
    <string value='Lde/arnowelzel/android/periodical/DetailsActivity;-&gt;onStart()V-&gt;exit'/>
    <string value='0:Lde/arnowelzel/android/periodical/DetailsActivity;-&gt;onCreate(Landroid/os/Bundle;)V-&gt;61'/>
    <string value='0:Lde/arnowelzel/android/periodical/DetailsActivity;-&gt;onCreate(Landroid/os/Bundle;)V-&gt;60'/>
    <string value='Lde/arnowelzel/android/periodical/DetailsActivity;-&gt;&lt;clinit&gt;()V-&gt;exit-&gt;1'/>
    <string value='Lde/arnowelzel/android/periodical/DetailsActivity;-&gt;onClick(Landroid/view/View;)V-&gt;entry-&gt;0'/>
    <string value='4:Lde/arnowelzel/android/periodical/DetailsActivity;-&gt;onCreate(Landroid/os/Bundle;)V-&gt;170'/>
    <string value='0:Lde/arnowelzel/android/periodical/DetailsActivity;-&gt;onCreate(Landroid/os/Bundle;)V-&gt;183'/>
    <string value='month'/>
    <string value='Lde/arnowelzel/android/periodical/DetailsActivity;-&gt;onCreate(Landroid/os/Bundle;)V-&gt;if-&gt;98'/>
    <string value='Lde/arnowelzel/android/periodical/DetailsActivity;-&gt;onRestart()V-&gt;entry'/>
    <string value='Lde/arnowelzel/android/periodical/DetailsActivity;-&gt;onCreate(Landroid/os/Bundle;)V-&gt;if-&gt;96'/>
    <string value='Lde/arnowelzel/android/periodical/DetailsActivity;-&gt;onResume()V-&gt;exit'/>
    <string value='0:Lde/arnowelzel/android/periodical/DetailsActivity;-&gt;onDestroy()V-&gt;2'/>
    <string value='Lde/arnowelzel/android/periodical/DetailsActivity;-&gt;onCreate(Landroid/os/Bundle;)V-&gt;if-&gt;93'/>
    <string value='string'/>
    <string value='Lde/arnowelzel/android/periodical/DetailsActivity;-&gt;beforeTextChanged(Ljava/lang/CharSequence;III)V-&gt;entry-&gt;0'/>
    <string value='Lde/arnowelzel/android/periodical/DetailsActivity;-&gt;onDestroy()V-&gt;3'/>
    <string value='Lde/arnowelzel/android/periodical/DetailsActivity;-&gt;onCreate(Landroid/os/Bundle;)V-&gt;if-&gt;183'/>
    <string value='Lde/arnowelzel/android/periodical/DetailsActivity;-&gt;onDestroy()V-&gt;4'/>
    <string value='Lde/arnowelzel/android/periodical/DetailsActivity;-&gt;onStop()V-&gt;exit'/>
    <string value='Lde/arnowelzel/android/periodical/DetailsActivity;-&gt;onOptionsItemSelected(Landroid/view/MenuItem;)Z-&gt;6'/>
    <string value='Lde/arnowelzel/android/periodical/DetailsActivity;-&gt;onCreate(Landroid/os/Bundle;)V-&gt;204'/>
    <string value='Lde/arnowelzel/android/periodical/DetailsActivity;-&gt;onCreate(Landroid/os/Bundle;)V-&gt;203'/>
    <string value='Lde/arnowelzel/android/periodical/DetailsActivity;-&gt;onOptionsItemSelected(Landroid/view/MenuItem;)Z-&gt;5'/>
    <string value='Lde/arnowelzel/android/periodical/DetailsActivity;-&gt;afterTextChanged(Landroid/text/Editable;)V-&gt;exit-&gt;14'/>
    <string value='4:Lde/arnowelzel/android/periodical/DetailsActivity;-&gt;onCreate(Landroid/os/Bundle;)V-&gt;200'/>
    <string value='Lde/arnowelzel/android/periodical/DetailsActivity;-&gt;onCreate(Landroid/os/Bundle;)V-&gt;201'/>
    <string value='Lde/arnowelzel/android/periodical/DetailsActivity;-&gt;onOptionsItemSelected(Landroid/view/MenuItem;)Z-&gt;exit-&gt;5'/>
    <string value='Lde/arnowelzel/android/periodical/DetailsActivity;-&gt;onRestart()V-&gt;exit'/>
    <string value='Lde/arnowelzel/android/periodical/DetailsActivity;-&gt;onOptionsItemSelected(Landroid/view/MenuItem;)Z-&gt;exit-&gt;7'/>
    <string value='Lde/arnowelzel/android/periodical/DetailsActivity;-&gt;onDestroy()V-&gt;exit-&gt;4'/>
    <string value='4:Lde/arnowelzel/android/periodical/DetailsActivity;-&gt;onCreate(Landroid/os/Bundle;)V-&gt;205'/>
    <string value='label_details_ev%d'/>
    <string value='2:Lde/arnowelzel/android/periodical/DetailsActivity;-&gt;onCreate(Landroid/os/Bundle;)V-&gt;203'/>
    <string value='0:Lde/arnowelzel/android/periodical/DetailsActivity;-&gt;onOptionsItemSelected(Landroid/view/MenuItem;)Z-&gt;4'/>
    <string value='Lde/arnowelzel/android/periodical/DetailsActivity;-&gt;onCreate(Landroid/os/Bundle;)V-&gt;if-&gt;170'/>
    <string value='Lde/arnowelzel/android/periodical/DetailsActivity;-&gt;&lt;init&gt;()V-&gt;exit-&gt;1'/>
    <string value='%s'/>
    <string value='Lde/arnowelzel/android/periodical/DetailsActivity;-&gt;&lt;init&gt;()V-&gt;entry-&gt;0'/>
</strings>
<strings class='de.arnowelzel.android.periodical.HelpActivity' type='activity'>
    <string value='Lde/arnowelzel/android/periodical/HelpActivity;-&gt;onStop()V-&gt;exit'/>
    <string value='Lde/arnowelzel/android/periodical/HelpActivity;-&gt;&lt;clinit&gt;()V-&gt;entry-&gt;0'/>
    <string value='Lde/arnowelzel/android/periodical/HelpActivity;-&gt;onCreate(Landroid/os/Bundle;)V-&gt;exit-&gt;25'/>
    <string value='Lde/arnowelzel/android/periodical/HelpActivity;-&gt;onOptionsItemSelected(Landroid/view/MenuItem;)Z-&gt;7'/>
    <string value='Lde/arnowelzel/android/periodical/HelpActivity;-&gt;onResume()V-&gt;exit'/>
    <string value='Lde/arnowelzel/android/periodical/HelpActivity;-&gt;onRestart()V-&gt;entry'/>
    <string value='Lde/arnowelzel/android/periodical/HelpActivity;-&gt;onStop()V-&gt;entry'/>
    <string value='Lde/arnowelzel/android/periodical/HelpActivity;-&gt;&lt;clinit&gt;()V-&gt;exit-&gt;1'/>
    <string value='Lde/arnowelzel/android/periodical/HelpActivity;-&gt;onOptionsItemSelected(Landroid/view/MenuItem;)Z-&gt;4'/>
    <string value='Lde/arnowelzel/android/periodical/HelpActivity;-&gt;onOptionsItemSelected(Landroid/view/MenuItem;)Z-&gt;entry-&gt;0'/>
    <string value='0:Lde/arnowelzel/android/periodical/HelpActivity;-&gt;onOptionsItemSelected(Landroid/view/MenuItem;)Z-&gt;3'/>
    <string value='Lde/arnowelzel/android/periodical/HelpActivity;-&gt;onOptionsItemSelected(Landroid/view/MenuItem;)Z-&gt;exit-&gt;9'/>
    <string value='Lde/arnowelzel/android/periodical/HelpActivity;-&gt;onOptionsItemSelected(Landroid/view/MenuItem;)Z-&gt;exit-&gt;6'/>
    <string value='Lde/arnowelzel/android/periodical/HelpActivity;-&gt;&lt;init&gt;()V-&gt;entry-&gt;0'/>
    <string value='Lde/arnowelzel/android/periodical/HelpActivity;-&gt;onPause()V-&gt;entry'/>
    <string value='file:///android_asset/'/>
    <string value='Lde/arnowelzel/android/periodical/HelpActivity;-&gt;&lt;init&gt;()V-&gt;exit-&gt;1'/>
    <string value='Lde/arnowelzel/android/periodical/HelpActivity;-&gt;onStart()V-&gt;exit'/>
    <string value='Lde/arnowelzel/android/periodical/HelpActivity;-&gt;onDestroy()V-&gt;exit'/>
    <string value='Lde/arnowelzel/android/periodical/HelpActivity;-&gt;onPause()V-&gt;exit'/>
    <string value='Lde/arnowelzel/android/periodical/HelpActivity;-&gt;onOptionsItemSelected(Landroid/view/MenuItem;)Z-&gt;if-&gt;3'/>
    <string value='Lde/arnowelzel/android/periodical/HelpActivity;-&gt;onRestart()V-&gt;exit'/>
    <string value='Lde/arnowelzel/android/periodical/HelpActivity;-&gt;onDestroy()V-&gt;entry'/>
    <string value='Lde/arnowelzel/android/periodical/HelpActivity;-&gt;onCreate(Landroid/os/Bundle;)V-&gt;entry-&gt;0'/>
    <string value='Lde/arnowelzel/android/periodical/HelpActivity;-&gt;onStart()V-&gt;entry'/>
    <string value='Lde/arnowelzel/android/periodical/HelpActivity;-&gt;onResume()V-&gt;entry'/>
</strings>
<strings class='de.arnowelzel.android.periodical.ListActivity' type='activity'>
    <string value='Lde/arnowelzel/android/periodical/ListActivity;-&gt;onCreate(Landroid/os/Bundle;)V-&gt;if-&gt;67'/>
    <string value='Lde/arnowelzel/android/periodical/ListActivity;-&gt;onDestroy()V-&gt;entry-&gt;0'/>
    <string value='Lde/arnowelzel/android/periodical/ListActivity;-&gt;&lt;clinit&gt;()V-&gt;entry-&gt;0'/>
    <string value='year'/>
    <string value='Lde/arnowelzel/android/periodical/ListActivity;-&gt;onCreate(Landroid/os/Bundle;)V-&gt;exit-&gt;144'/>
    <string value='
'/>
    <string value='5:Lde/arnowelzel/android/periodical/ListActivity;-&gt;onCreate(Landroid/os/Bundle;)V-&gt;76'/>
    <string value='0:Lde/arnowelzel/android/periodical/ListActivity;-&gt;onCreate(Landroid/os/Bundle;)V-&gt;67'/>
    <string value='Lde/arnowelzel/android/periodical/ListActivity;-&gt;onStop()V-&gt;entry'/>
    <string value='Lde/arnowelzel/android/periodical/ListActivity;-&gt;onCreate(Landroid/os/Bundle;)V-&gt;39'/>
    <string value='Lde/arnowelzel/android/periodical/ListActivity;-&gt;onCreate(Landroid/os/Bundle;)V-&gt;114'/>
    <string value='Lde/arnowelzel/android/periodical/ListActivity;-&gt;onOptionsItemSelected(Landroid/view/MenuItem;)Z-&gt;4'/>
    <string value='Lde/arnowelzel/android/periodical/ListActivity;-&gt;onCreate(Landroid/os/Bundle;)V-&gt;38'/>
    <string value='Lde/arnowelzel/android/periodical/ListActivity;-&gt;onOptionsItemSelected(Landroid/view/MenuItem;)Z-&gt;7'/>
    <string value='Lde/arnowelzel/android/periodical/ListActivity;-&gt;onCreate(Landroid/os/Bundle;)V-&gt;117'/>
    <string value='Lde/arnowelzel/android/periodical/ListActivity;-&gt;onCreate(Landroid/os/Bundle;)V-&gt;77'/>
    <string value='Lde/arnowelzel/android/periodical/ListActivity;-&gt;onCreate(Landroid/os/Bundle;)V-&gt;116'/>
    <string value='3:Lde/arnowelzel/android/periodical/ListActivity;-&gt;onItemClick(Landroid/widget/AdapterView;Landroid/view/View;IJ)V-&gt;2'/>
    <string value='Lde/arnowelzel/android/periodical/ListActivity;-&gt;onCreate(Landroid/os/Bundle;)V-&gt;if-&gt;37'/>
    <string value=' — '/>
    <string value='Lde/arnowelzel/android/periodical/ListActivity;-&gt;onResume()V-&gt;entry'/>
    <string value='Lde/arnowelzel/android/periodical/ListActivity;-&gt;onCreate(Landroid/os/Bundle;)V-&gt;if-&gt;76'/>
    <string value='0:Lde/arnowelzel/android/periodical/ListActivity;-&gt;onItemClick(Landroid/widget/AdapterView;Landroid/view/View;IJ)V-&gt;1'/>
    <string value='0:Lde/arnowelzel/android/periodical/ListActivity;-&gt;onCreate(Landroid/os/Bundle;)V-&gt;52'/>
    <string value='month'/>
    <string value='Lde/arnowelzel/android/periodical/ListActivity;-&gt;onOptionsItemSelected(Landroid/view/MenuItem;)Z-&gt;entry-&gt;0'/>
    <string value='Lde/arnowelzel/android/periodical/ListActivity;-&gt;onResume()V-&gt;exit'/>
    <string value='Lde/arnowelzel/android/periodical/ListActivity;-&gt;onCreate(Landroid/os/Bundle;)V-&gt;41'/>
    <string value='Lde/arnowelzel/android/periodical/ListActivity;-&gt;onRestart()V-&gt;exit'/>
    <string value='Lde/arnowelzel/android/periodical/ListActivity;-&gt;onItemClick(Landroid/widget/AdapterView;Landroid/view/View;IJ)V-&gt;if-&gt;1'/>
    <string value='Lde/arnowelzel/android/periodical/ListActivity;-&gt;onRestart()V-&gt;entry'/>
    <string value='Lde/arnowelzel/android/periodical/ListActivity;-&gt;onStop()V-&gt;exit'/>
    <string value='Lde/arnowelzel/android/periodical/ListActivity;-&gt;onCreate(Landroid/os/Bundle;)V-&gt;entry-&gt;0'/>
    <string value='2:Lde/arnowelzel/android/periodical/ListActivity;-&gt;onCreate(Landroid/os/Bundle;)V-&gt;116'/>
    <string value='Lde/arnowelzel/android/periodical/ListActivity;-&gt;onItemClick(Landroid/widget/AdapterView;Landroid/view/View;IJ)V-&gt;if-&gt;6'/>
    <string value='Lde/arnowelzel/android/periodical/ListActivity;-&gt;onItemClick(Landroid/widget/AdapterView;Landroid/view/View;IJ)V-&gt;entry-&gt;0'/>
    <string value='maximum_cycle_length'/>
    <string value='Lde/arnowelzel/android/periodical/ListActivity;-&gt;onItemClick(Landroid/widget/AdapterView;Landroid/view/View;IJ)V-&gt;37'/>
    <string value='0:Lde/arnowelzel/android/periodical/ListActivity;-&gt;onOptionsItemSelected(Landroid/view/MenuItem;)Z-&gt;3'/>
    <string value='Lde/arnowelzel/android/periodical/ListActivity;-&gt;onOptionsItemSelected(Landroid/view/MenuItem;)Z-&gt;if-&gt;3'/>
    <string value='Lde/arnowelzel/android/periodical/ListActivity;-&gt;onCreate(Landroid/os/Bundle;)V-&gt;54'/>
    <string value='Lde/arnowelzel/android/periodical/ListActivity;-&gt;onCreate(Landroid/os/Bundle;)V-&gt;53'/>
    <string value='Lde/arnowelzel/android/periodical/ListActivity;-&gt;onCreate(Landroid/os/Bundle;)V-&gt;97'/>
    <string value='Lde/arnowelzel/android/periodical/ListActivity;-&gt;&lt;clinit&gt;()V-&gt;exit-&gt;1'/>
    <string value='Lde/arnowelzel/android/periodical/ListActivity;-&gt;onCreate(Landroid/os/Bundle;)V-&gt;130'/>
    <string value='Lde/arnowelzel/android/periodical/ListActivity;-&gt;onPause()V-&gt;entry'/>
    <string value='Lde/arnowelzel/android/periodical/ListActivity;-&gt;onStart()V-&gt;exit'/>
    <string value='Lde/arnowelzel/android/periodical/ListActivity;-&gt;onPause()V-&gt;exit'/>
    <string value='Lde/arnowelzel/android/periodical/ListActivity;-&gt;onItemClick(Landroid/widget/AdapterView;Landroid/view/View;IJ)V-&gt;7'/>
    <string value='0:Lde/arnowelzel/android/periodical/ListActivity;-&gt;onCreate(Landroid/os/Bundle;)V-&gt;38'/>
    <string value='183'/>
    <string value='0:Lde/arnowelzel/android/periodical/ListActivity;-&gt;onCreate(Landroid/os/Bundle;)V-&gt;37'/>
    <string value='Lde/arnowelzel/android/periodical/ListActivity;-&gt;onCreate(Landroid/os/Bundle;)V-&gt;if-&gt;52'/>
    <string value='Lde/arnowelzel/android/periodical/ListActivity;-&gt;onDestroy()V-&gt;exit-&gt;3'/>
    <string value='Lde/arnowelzel/android/periodical/ListActivity;-&gt;onItemClick(Landroid/widget/AdapterView;Landroid/view/View;IJ)V-&gt;2'/>
    <string value='Lde/arnowelzel/android/periodical/ListActivity;-&gt;onItemClick(Landroid/widget/AdapterView;Landroid/view/View;IJ)V-&gt;3'/>
    <string value='4:Lde/arnowelzel/android/periodical/ListActivity;-&gt;onItemClick(Landroid/widget/AdapterView;Landroid/view/View;IJ)V-&gt;6'/>
    <string value='Lde/arnowelzel/android/periodical/ListActivity;-&gt;onCreate(Landroid/os/Bundle;)V-&gt;68'/>
    <string value='Lde/arnowelzel/android/periodical/ListActivity;-&gt;onStart()V-&gt;entry'/>
    <string value='Lde/arnowelzel/android/periodical/ListActivity;-&gt;onItemClick(Landroid/widget/AdapterView;Landroid/view/View;IJ)V-&gt;exit-&gt;37'/>
    <string value='
%s'/>
    <string value='Lde/arnowelzel/android/periodical/ListActivity;-&gt;&lt;init&gt;()V-&gt;entry-&gt;0'/>
    <string value='Lde/arnowelzel/android/periodical/ListActivity;-&gt;onOptionsItemSelected(Landroid/view/MenuItem;)Z-&gt;exit-&gt;9'/>
    <string value='Lde/arnowelzel/android/periodical/ListActivity;-&gt;&lt;init&gt;()V-&gt;exit-&gt;1'/>
    <string value='Lde/arnowelzel/android/periodical/ListActivity;-&gt;onOptionsItemSelected(Landroid/view/MenuItem;)Z-&gt;exit-&gt;6'/>
</strings>
<strings class='de.arnowelzel.android.periodical.ListDetailsActivity' type='activity'>
    <string value='Lde/arnowelzel/android/periodical/ListDetailsActivity;-&gt;&lt;init&gt;()V-&gt;exit-&gt;1'/>
    <string value='year'/>
    <string value='Lde/arnowelzel/android/periodical/ListDetailsActivity;-&gt;onRestart()V-&gt;entry'/>
    <string value='Lde/arnowelzel/android/periodical/ListDetailsActivity;-&gt;onOptionsItemSelected(Landroid/view/MenuItem;)Z-&gt;4'/>
    <string value='Lde/arnowelzel/android/periodical/ListDetailsActivity;-&gt;onOptionsItemSelected(Landroid/view/MenuItem;)Z-&gt;7'/>
    <string value='Lde/arnowelzel/android/periodical/ListDetailsActivity;-&gt;onRestart()V-&gt;exit'/>
    <string value='Lde/arnowelzel/android/periodical/ListDetailsActivity;-&gt;onStop()V-&gt;exit'/>
    <string value='0:Lde/arnowelzel/android/periodical/ListDetailsActivity;-&gt;onOptionsItemSelected(Landroid/view/MenuItem;)Z-&gt;3'/>
    <string value='Lde/arnowelzel/android/periodical/ListDetailsActivity;-&gt;onCreate(Landroid/os/Bundle;)V-&gt;16'/>
    <string value='Lde/arnowelzel/android/periodical/ListDetailsActivity;-&gt;onPause()V-&gt;exit'/>
    <string value='0:Lde/arnowelzel/android/periodical/ListDetailsActivity;-&gt;onCreate(Landroid/os/Bundle;)V-&gt;15'/>
    <string value='Lde/arnowelzel/android/periodical/ListDetailsActivity;-&gt;onOptionsItemSelected(Landroid/view/MenuItem;)Z-&gt;exit-&gt;9'/>
    <string value='Lde/arnowelzel/android/periodical/ListDetailsActivity;-&gt;onDestroy()V-&gt;entry-&gt;0'/>
    <string value='Lde/arnowelzel/android/periodical/ListDetailsActivity;-&gt;onOptionsItemSelected(Landroid/view/MenuItem;)Z-&gt;if-&gt;3'/>
    <string value='Lde/arnowelzel/android/periodical/ListDetailsActivity;-&gt;onStart()V-&gt;exit'/>
    <string value='Lde/arnowelzel/android/periodical/ListDetailsActivity;-&gt;&lt;init&gt;()V-&gt;entry-&gt;0'/>
    <string value='Lde/arnowelzel/android/periodical/ListDetailsActivity;-&gt;onItemClick(Landroid/widget/AdapterView;Landroid/view/View;IJ)V-&gt;if-&gt;4'/>
    <string value='Lde/arnowelzel/android/periodical/ListDetailsActivity;-&gt;onOptionsItemSelected(Landroid/view/MenuItem;)Z-&gt;entry-&gt;0'/>
    <string value='Lde/arnowelzel/android/periodical/ListDetailsActivity;-&gt;onDestroy()V-&gt;exit-&gt;3'/>
    <string value='Lde/arnowelzel/android/periodical/ListDetailsActivity;-&gt;onCreate(Landroid/os/Bundle;)V-&gt;22'/>
    <string value='Lde/arnowelzel/android/periodical/ListDetailsActivity;-&gt;onItemClick(Landroid/widget/AdapterView;Landroid/view/View;IJ)V-&gt;6'/>
    <string value='Lde/arnowelzel/android/periodical/ListDetailsActivity;-&gt;onItemClick(Landroid/widget/AdapterView;Landroid/view/View;IJ)V-&gt;5'/>
    <string value='Lde/arnowelzel/android/periodical/ListDetailsActivity;-&gt;onItemClick(Landroid/widget/AdapterView;Landroid/view/View;IJ)V-&gt;exit-&gt;38'/>
    <string value='Lde/arnowelzel/android/periodical/ListDetailsActivity;-&gt;&lt;clinit&gt;()V-&gt;entry-&gt;0'/>
    <string value='Lde/arnowelzel/android/periodical/ListDetailsActivity;-&gt;onCreate(Landroid/os/Bundle;)V-&gt;if-&gt;15'/>
    <string value='3:Lde/arnowelzel/android/periodical/ListDetailsActivity;-&gt;onItemClick(Landroid/widget/AdapterView;Landroid/view/View;IJ)V-&gt;4'/>
    <string value='Lde/arnowelzel/android/periodical/ListDetailsActivity;-&gt;onResume()V-&gt;entry'/>
    <string value='Lde/arnowelzel/android/periodical/ListDetailsActivity;-&gt;onOptionsItemSelected(Landroid/view/MenuItem;)Z-&gt;exit-&gt;6'/>
    <string value='Lde/arnowelzel/android/periodical/ListDetailsActivity;-&gt;onCreate(Landroid/os/Bundle;)V-&gt;entry-&gt;0'/>
    <string value='Lde/arnowelzel/android/periodical/ListDetailsActivity;-&gt;onItemClick(Landroid/widget/AdapterView;Landroid/view/View;IJ)V-&gt;38'/>
    <string value='Lde/arnowelzel/android/periodical/ListDetailsActivity;-&gt;onStart()V-&gt;entry'/>
    <string value='Lde/arnowelzel/android/periodical/ListDetailsActivity;-&gt;onStop()V-&gt;entry'/>
    <string value='Lde/arnowelzel/android/periodical/ListDetailsActivity;-&gt;onPause()V-&gt;entry'/>
    <string value='month'/>
    <string value='Lde/arnowelzel/android/periodical/ListDetailsActivity;-&gt;&lt;clinit&gt;()V-&gt;exit-&gt;1'/>
    <string value='Lde/arnowelzel/android/periodical/ListDetailsActivity;-&gt;onItemClick(Landroid/widget/AdapterView;Landroid/view/View;IJ)V-&gt;entry-&gt;0'/>
    <string value='4:Lde/arnowelzel/android/periodical/ListDetailsActivity;-&gt;onItemClick(Landroid/widget/AdapterView;Landroid/view/View;IJ)V-&gt;5'/>
    <string value='Lde/arnowelzel/android/periodical/ListDetailsActivity;-&gt;onResume()V-&gt;exit'/>
    <string value='Lde/arnowelzel/android/periodical/ListDetailsActivity;-&gt;onCreate(Landroid/os/Bundle;)V-&gt;exit-&gt;40'/>
</strings>
<strings class='de.arnowelzel.android.periodical.MainActivity' type='activity'>
    <string value='Lde/arnowelzel/android/periodical/MainActivity;-&gt;onRestart()V-&gt;exit'/>
    <string value='Lde/arnowelzel/android/periodical/MainActivity;-&gt;onResume()V-&gt;exit'/>
    <string value='Lde/arnowelzel/android/periodical/MainActivity;-&gt;onPause()V-&gt;entry'/>
    <string value='Lde/arnowelzel/android/periodical/MainActivity;-&gt;onPause()V-&gt;exit'/>
    <string value='Lde/arnowelzel/android/periodical/MainActivity;-&gt;&lt;init&gt;()V-&gt;exit-&gt;1'/>
    <string value='Lde/arnowelzel/android/periodical/MainActivity;-&gt;onStop()V-&gt;entry'/>
    <string value='Lde/arnowelzel/android/periodical/MainActivity;-&gt;onRestart()V-&gt;entry'/>
    <string value='Lde/arnowelzel/android/periodical/MainActivity;-&gt;onResume()V-&gt;entry'/>
    <string value='Lde/arnowelzel/android/periodical/MainActivity;-&gt;onStop()V-&gt;exit'/>
    <string value='Lde/arnowelzel/android/periodical/MainActivity;-&gt;onCreate(Landroid/os/Bundle;)V-&gt;exit-&gt;6'/>
    <string value='Lde/arnowelzel/android/periodical/MainActivity;-&gt;onStart()V-&gt;exit'/>
    <string value='Lde/arnowelzel/android/periodical/MainActivity;-&gt;onCreate(Landroid/os/Bundle;)V-&gt;entry-&gt;0'/>
    <string value='Lde/arnowelzel/android/periodical/MainActivity;-&gt;onDestroy()V-&gt;exit'/>
    <string value='Lde/arnowelzel/android/periodical/MainActivity;-&gt;&lt;init&gt;()V-&gt;entry-&gt;0'/>
    <string value='Lde/arnowelzel/android/periodical/MainActivity;-&gt;onDestroy()V-&gt;entry'/>
    <string value='Lde/arnowelzel/android/periodical/MainActivity;-&gt;onStart()V-&gt;entry'/>
</strings>
<strings class='de.arnowelzel.android.periodical.MainActivityApp' type='activity'>
    <string value='Lde/arnowelzel/android/periodical/MainActivityApp;-&gt;R()V-&gt;230'/>
    <string value='Lde/arnowelzel/android/periodical/MainActivityApp;-&gt;onCreate(Landroid/os/Bundle;)V-&gt;exit-&gt;62'/>
    <string value='2:Lde/arnowelzel/android/periodical/MainActivityApp;-&gt;R()V-&gt;67'/>
    <string value='1:Lde/arnowelzel/android/periodical/MainActivityApp;-&gt;T()V-&gt;14'/>
    <string value='year'/>
    <string value='1:Lde/arnowelzel/android/periodical/MainActivityApp;-&gt;R()V-&gt;245'/>
    <string value='Lde/arnowelzel/android/periodical/MainActivityApp;-&gt;V()V-&gt;entry-&gt;0'/>
    <string value='Lde/arnowelzel/android/periodical/MainActivityApp;-&gt;dispatchTouchEvent(Landroid/view/MotionEvent;)Z-&gt;4'/>
    <string value='Lde/arnowelzel/android/periodical/MainActivityApp;-&gt;dispatchTouchEvent(Landroid/view/MotionEvent;)Z-&gt;8'/>
    <string value='Lde/arnowelzel/android/periodical/MainActivityApp;-&gt;R()V-&gt;228'/>
    <string value='Lde/arnowelzel/android/periodical/MainActivityApp;-&gt;&lt;clinit&gt;()V-&gt;entry-&gt;0'/>
    <string value='Lde/arnowelzel/android/periodical/MainActivityApp;-&gt;handleCalendarButton(Landroid/view/View;)V-&gt;if-&gt;13'/>
    <string value='Lde/arnowelzel/android/periodical/MainActivityApp;-&gt;R()V-&gt;225'/>
    <string value='Lde/arnowelzel/android/periodical/MainActivityApp;-&gt;handleCalendarButton(Landroid/view/View;)V-&gt;54'/>
    <string value='Lde/arnowelzel/android/periodical/MainActivityApp;-&gt;handleCalendarButton(Landroid/view/View;)V-&gt;if-&gt;15'/>
    <string value='Lde/arnowelzel/android/periodical/MainActivityApp;-&gt;handleCalendarButton(Landroid/view/View;)V-&gt;55'/>
    <string value='Lde/arnowelzel/android/periodical/MainActivityApp;-&gt;R()V-&gt;if-&gt;169'/>
    <string value='Lde/arnowelzel/android/periodical/MainActivityApp;-&gt;&lt;clinit&gt;()V-&gt;exit-&gt;1'/>
    <string value='Lde/arnowelzel/android/periodical/MainActivityApp;-&gt;onRestart()V-&gt;exit'/>
    <string value='0:Lde/arnowelzel/android/periodical/MainActivityApp;-&gt;onActivityResult(IILandroid/content/Intent;)V-&gt;4'/>
    <string value='1:Lde/arnowelzel/android/periodical/MainActivityApp;-&gt;R()V-&gt;253'/>
    <string value='0:Lde/arnowelzel/android/periodical/MainActivityApp;-&gt;onActivityResult(IILandroid/content/Intent;)V-&gt;2'/>
    <string value='Lde/arnowelzel/android/periodical/MainActivityApp;-&gt;b0()V-&gt;exit-&gt;5'/>
    <string value='0:Lde/arnowelzel/android/periodical/MainActivityApp;-&gt;onActivityResult(IILandroid/content/Intent;)V-&gt;9'/>
    <string value='0:Lde/arnowelzel/android/periodical/MainActivityApp;-&gt;onActivityResult(IILandroid/content/Intent;)V-&gt;6'/>
    <string value='Lde/arnowelzel/android/periodical/MainActivityApp;-&gt;onDestroy()V-&gt;exit-&gt;4'/>
    <string value='Lde/arnowelzel/android/periodical/MainActivityApp;-&gt;R()V-&gt;215'/>
    <string value='Lde/arnowelzel/android/periodical/MainActivityApp;-&gt;a0()V-&gt;entry-&gt;0'/>
    <string value='Lde/arnowelzel/android/periodical/MainActivityApp;-&gt;W()V-&gt;entry-&gt;0'/>
    <string value='Lde/arnowelzel/android/periodical/MainActivityApp;-&gt;R()V-&gt;213'/>
    <string value='Lde/arnowelzel/android/periodical/MainActivityApp;-&gt;L(Lde/arnowelzel/android/periodical/MainActivityApp;)V-&gt;entry-&gt;0'/>
    <string value='Lde/arnowelzel/android/periodical/MainActivityApp;-&gt;P(Lde/arnowelzel/android/periodical/MainActivityApp;)V-&gt;entry-&gt;0'/>
    <string value='Lde/arnowelzel/android/periodical/MainActivityApp;-&gt;U()V-&gt;entry-&gt;0'/>
    <string value='Lde/arnowelzel/android/periodical/MainActivityApp;-&gt;R()V-&gt;211'/>
    <string value='Lde/arnowelzel/android/periodical/MainActivityApp;-&gt;U()V-&gt;if-&gt;12'/>
    <string value='Lde/arnowelzel/android/periodical/MainActivityApp;-&gt;onStart()V-&gt;entry'/>
    <string value='Lde/arnowelzel/android/periodical/MainActivityApp;-&gt;onResume()V-&gt;entry-&gt;0'/>
    <string value='Lde/arnowelzel/android/periodical/MainActivityApp;-&gt;R()V-&gt;209'/>
    <string value='Lde/arnowelzel/android/periodical/MainActivityApp;-&gt;X(III)V-&gt;exit-&gt;11'/>
    <string value='Lde/arnowelzel/android/periodical/MainActivityApp;-&gt;onBackPressed()V-&gt;10'/>
    <string value='Lde/arnowelzel/android/periodical/MainActivityApp;-&gt;handleCalendarButton(Landroid/view/View;)V-&gt;29'/>
    <string value='Lde/arnowelzel/android/periodical/MainActivityApp;-&gt;H(Lde/arnowelzel/android/periodical/MainActivityApp;Z)Z-&gt;entry-&gt;0'/>
    <string value='Lde/arnowelzel/android/periodical/MainActivityApp;-&gt;onBackPressed()V-&gt;entry-&gt;0'/>
    <string value='3:Lde/arnowelzel/android/periodical/MainActivityApp;-&gt;R()V-&gt;190'/>
    <string value='Lde/arnowelzel/android/periodical/MainActivityApp;-&gt;onBackPressed()V-&gt;exit-&gt;11'/>
    <string value='3:Lde/arnowelzel/android/periodical/MainActivityApp;-&gt;R()V-&gt;192'/>
    <string value='Lde/arnowelzel/android/periodical/MainActivityApp;-&gt;b0()V-&gt;entry-&gt;0'/>
    <string value='Lde/arnowelzel/android/periodical/MainActivityApp;-&gt;onActivityResult(IILandroid/content/Intent;)V-&gt;if-&gt;11'/>
    <string value='Lde/arnowelzel/android/periodical/MainActivityApp;-&gt;handleCalendarButton(Landroid/view/View;)V-&gt;33'/>
    <string value='Lde/arnowelzel/android/periodical/MainActivityApp;-&gt;goNext(Landroid/view/View;)V-&gt;exit-&gt;29'/>
    <string value='Lde/arnowelzel/android/periodical/MainActivityApp;-&gt;T()V-&gt;55'/>
    <string value='Lde/arnowelzel/android/periodical/MainActivityApp;-&gt;onCreate(Landroid/os/Bundle;)V-&gt;50'/>
    <string value='Lde/arnowelzel/android/periodical/MainActivityApp;-&gt;onCreate(Landroid/os/Bundle;)V-&gt;52'/>
    <string value='Lde/arnowelzel/android/periodical/MainActivityApp;-&gt;U()V-&gt;exit-&gt;94'/>
    <string value='Lde/arnowelzel/android/periodical/MainActivityApp;-&gt;c0()V-&gt;entry-&gt;0'/>
    <string value='Lde/arnowelzel/android/periodical/MainActivityApp;-&gt;goCurrent(Landroid/view/View;)V-&gt;entry-&gt;0'/>
    <string value='Lde/arnowelzel/android/periodical/MainActivityApp;-&gt;onActivityResult(IILandroid/content/Intent;)V-&gt;if-&gt;48'/>
    <string value='Lde/arnowelzel/android/periodical/MainActivityApp;-&gt;T()V-&gt;entry-&gt;0'/>
    <string value='Lde/arnowelzel/android/periodical/MainActivityApp;-&gt;R()V-&gt;if-&gt;253'/>
    <string value='Lde/arnowelzel/android/periodical/MainActivityApp;-&gt;I(Lde/arnowelzel/android/periodical/MainActivityApp;)I-&gt;exit-&gt;1'/>
    <string value='Lde/arnowelzel/android/periodical/MainActivityApp;-&gt;handleCalendarButton(Landroid/view/View;)V-&gt;8'/>
    <string value='Lde/arnowelzel/android/periodical/MainActivityApp;-&gt;onResume()V-&gt;exit-&gt;2'/>
    <string value='Lde/arnowelzel/android/periodical/MainActivityApp;-&gt;R()V-&gt;263'/>
    <string value='Lde/arnowelzel/android/periodical/MainActivityApp;-&gt;handleCalendarButton(Landroid/view/View;)V-&gt;if-&gt;53'/>
    <string value='%s
Ø%d ↓%d ↑%d'/>
    <string value='4:Lde/arnowelzel/android/periodical/MainActivityApp;-&gt;R()V-&gt;50'/>
    <string value='Lde/arnowelzel/android/periodical/MainActivityApp;-&gt;handleCalendarButton(Landroid/view/View;)V-&gt;14'/>
    <string value='Lde/arnowelzel/android/periodical/MainActivityApp;-&gt;R()V-&gt;269'/>
    <string value='Lde/arnowelzel/android/periodical/MainActivityApp;-&gt;goPrev(Landroid/view/View;)V-&gt;5'/>
    <string value='Lde/arnowelzel/android/periodical/MainActivityApp;-&gt;handleCalendarButton(Landroid/view/View;)V-&gt;16'/>
    <string value='Lde/arnowelzel/android/periodical/MainActivityApp;-&gt;Z()V-&gt;exit-&gt;5'/>
    <string value='Lde/arnowelzel/android/periodical/MainActivityApp;-&gt;handleCalendarButton(Landroid/view/View;)V-&gt;10'/>
    <string value='Lde/arnowelzel/android/periodical/MainActivityApp;-&gt;onRestart()V-&gt;entry'/>
    <string value='Lde/arnowelzel/android/periodical/MainActivityApp;-&gt;R()V-&gt;if-&gt;245'/>
    <string value='Lde/arnowelzel/android/periodical/MainActivityApp;-&gt;onActivityResult(IILandroid/content/Intent;)V-&gt;entry-&gt;0'/>
    <string value='month'/>
    <string value='Lde/arnowelzel/android/periodical/MainActivityApp;-&gt;handleCalendarButton(Landroid/view/View;)V-&gt;17'/>
    <string value='Lde/arnowelzel/android/periodical/MainActivityApp;-&gt;goPrev(Landroid/view/View;)V-&gt;if-&gt;12'/>
    <string value='Lde/arnowelzel/android/periodical/MainActivityApp;-&gt;handleCalendarButton(Landroid/view/View;)V-&gt;19'/>
    <string value='1:Lde/arnowelzel/android/periodical/MainActivityApp;-&gt;R()V-&gt;5'/>
    <string value='2:Lde/arnowelzel/android/periodical/MainActivityApp;-&gt;goNext(Landroid/view/View;)V-&gt;5'/>
    <string value='Lde/arnowelzel/android/periodical/MainActivityApp;-&gt;R()V-&gt;250'/>
    <string value='Lde/arnowelzel/android/periodical/MainActivityApp;-&gt;N(Lde/arnowelzel/android/periodical/MainActivityApp;)V-&gt;entry-&gt;0'/>
    <string value='Lde/arnowelzel/android/periodical/MainActivityApp;-&gt;R()V-&gt;258'/>
    <string value='Lde/arnowelzel/android/periodical/MainActivityApp;-&gt;K(Lde/arnowelzel/android/periodical/MainActivityApp;)Lde/arnowelzel/android/periodical/e;-&gt;exit-&gt;1'/>
    <string value='Lde/arnowelzel/android/periodical/MainActivityApp;-&gt;R()V-&gt;if-&gt;239'/>
    <string value='Lde/arnowelzel/android/periodical/MainActivityApp;-&gt;R()V-&gt;256'/>
    <string value='Lde/arnowelzel/android/periodical/MainActivityApp;-&gt;handleCalendarButton(Landroid/view/View;)V-&gt;if-&gt;28'/>
    <string value='locale'/>
    <string value='Lde/arnowelzel/android/periodical/MainActivityApp;-&gt;O(Lde/arnowelzel/android/periodical/MainActivityApp;)V-&gt;entry-&gt;0'/>
    <string value='Lde/arnowelzel/android/periodical/MainActivityApp;-&gt;R()V-&gt;254'/>
    <string value='MMMM yyyy'/>
    <string value='Lde/arnowelzel/android/periodical/MainActivityApp;-&gt;R()V-&gt;if-&gt;50'/>
    <string value='1:Lde/arnowelzel/android/periodical/MainActivityApp;-&gt;handleCalendarButton(Landroid/view/View;)V-&gt;85'/>
    <string value='Lde/arnowelzel/android/periodical/MainActivityApp;-&gt;Q(Lde/arnowelzel/android/periodical/MainActivityApp;)I-&gt;exit-&gt;1'/>
    <string value='%d'/>
    <string value='Lde/arnowelzel/android/periodical/MainActivityApp;-&gt;R()V-&gt;240'/>
    <string value='startofweek'/>
    <string value='Lde/arnowelzel/android/periodical/MainActivityApp;-&gt;goNext(Landroid/view/View;)V-&gt;if-&gt;12'/>
    <string value='Lde/arnowelzel/android/periodical/MainActivityApp;-&gt;i(Landroid/view/MenuItem;)Z-&gt;entry-&gt;0'/>
    <string value='Lde/arnowelzel/android/periodical/MainActivityApp;-&gt;R()V-&gt;248'/>
    <string value='Lde/arnowelzel/android/periodical/MainActivityApp;-&gt;onActivityResult(IILandroid/content/Intent;)V-&gt;if-&gt;55'/>
    <string value='Lde/arnowelzel/android/periodical/MainActivityApp;-&gt;R()V-&gt;246'/>
    <string value='Lde/arnowelzel/android/periodical/MainActivityApp;-&gt;onActivityResult(IILandroid/content/Intent;)V-&gt;if-&gt;58'/>
    <string value='Lde/arnowelzel/android/periodical/MainActivityApp;-&gt;onPause()V-&gt;exit'/>
    <string value='Lde/arnowelzel/android/periodical/MainActivityApp;-&gt;R()V-&gt;if-&gt;227'/>
    <string value='Lde/arnowelzel/android/periodical/MainActivityApp;-&gt;R()V-&gt;if-&gt;224'/>
    <string value='Lde/arnowelzel/android/periodical/MainActivityApp;-&gt;onStart()V-&gt;exit'/>
    <string value='Lde/arnowelzel/android/periodical/MainActivityApp;-&gt;R()V-&gt;if-&gt;67'/>
    <string value='Lde/arnowelzel/android/periodical/MainActivityApp;-&gt;&lt;init&gt;()V-&gt;exit-&gt;16'/>
    <string value='Lde/arnowelzel/android/periodical/MainActivityApp;-&gt;T()V-&gt;15'/>
    <string value='1:Lde/arnowelzel/android/periodical/MainActivityApp;-&gt;U()V-&gt;12'/>
    <string value='Lde/arnowelzel/android/periodical/MainActivityApp;-&gt;J(Lde/arnowelzel/android/periodical/MainActivityApp;III)V-&gt;entry-&gt;0'/>
    <string value='Lde/arnowelzel/android/periodical/MainActivityApp;-&gt;V()V-&gt;exit-&gt;11'/>
    <string value='Lde/arnowelzel/android/periodical/MainActivityApp;-&gt;T()V-&gt;exit-&gt;92'/>
    <string value='Lde/arnowelzel/android/periodical/MainActivityApp;-&gt;dispatchTouchEvent(Landroid/view/MotionEvent;)Z-&gt;if-&gt;3'/>
    <string value='4:Lde/arnowelzel/android/periodical/MainActivityApp;-&gt;handleCalendarButton(Landroid/view/View;)V-&gt;13'/>
    <string value='1:Lde/arnowelzel/android/periodical/MainActivityApp;-&gt;onActivityResult(IILandroid/content/Intent;)V-&gt;55'/>
    <string value='Lde/arnowelzel/android/periodical/MainActivityApp;-&gt;R()V-&gt;194'/>
    <string value='Lde/arnowelzel/android/periodical/MainActivityApp;-&gt;R()V-&gt;193'/>
    <string value='Lde/arnowelzel/android/periodical/MainActivityApp;-&gt;R()V-&gt;191'/>
    <string value='Lde/arnowelzel/android/periodical/MainActivityApp;-&gt;handleCalendarButton(Landroid/view/View;)V-&gt;if-&gt;85'/>
    <string value='Lde/arnowelzel/android/periodical/MainActivityApp;-&gt;onActivityResult(IILandroid/content/Intent;)V-&gt;10'/>
    <string value='0:Lde/arnowelzel/android/periodical/MainActivityApp;-&gt;onActivityResult(IILandroid/content/Intent;)V-&gt;48'/>
    <string value='Lde/arnowelzel/android/periodical/MainActivityApp;-&gt;goNext(Landroid/view/View;)V-&gt;13'/>
    <string value='Lde/arnowelzel/android/periodical/MainActivityApp;-&gt;onActivityResult(IILandroid/content/Intent;)V-&gt;14'/>
    <string value='Lde/arnowelzel/android/periodical/MainActivityApp;-&gt;onActivityResult(IILandroid/content/Intent;)V-&gt;13'/>
    <string value='Lde/arnowelzel/android/periodical/MainActivityApp;-&gt;onActivityResult(IILandroid/content/Intent;)V-&gt;12'/>
    <string value='Lde/arnowelzel/android/periodical/MainActivityApp;-&gt;onStop()V-&gt;exit'/>
    <string value='Lde/arnowelzel/android/periodical/MainActivityApp;-&gt;goNext(Landroid/view/View;)V-&gt;10'/>
    <string value='1:Lde/arnowelzel/android/periodical/MainActivityApp;-&gt;goPrev(Landroid/view/View;)V-&gt;12'/>
    <string value='Lde/arnowelzel/android/periodical/MainActivityApp;-&gt;onSaveInstanceState(Landroid/os/Bundle;)V-&gt;exit-&gt;7'/>
    <string value='Lde/arnowelzel/android/periodical/MainActivityApp;-&gt;R()V-&gt;entry-&gt;0'/>
    <string value='0:Lde/arnowelzel/android/periodical/MainActivityApp;-&gt;R()V-&gt;227'/>
    <string value='Lde/arnowelzel/android/periodical/MainActivityApp;-&gt;goNext(Landroid/view/View;)V-&gt;16'/>
    <string value='Lde/arnowelzel/android/periodical/MainActivityApp;-&gt;R()V-&gt;if-&gt;212'/>
    <string value='Lde/arnowelzel/android/periodical/MainActivityApp;-&gt;R()V-&gt;exit-&gt;269'/>
    <string value='Lde/arnowelzel/android/periodical/MainActivityApp;-&gt;R()V-&gt;if-&gt;210'/>
    <string value='0:Lde/arnowelzel/android/periodical/MainActivityApp;-&gt;R()V-&gt;224'/>
    <string value='Lde/arnowelzel/android/periodical/MainActivityApp;-&gt;onCreate(Landroid/os/Bundle;)V-&gt;if-&gt;49'/>
    <string value='show_cycle'/>
    <string value='0:Lde/arnowelzel/android/periodical/MainActivityApp;-&gt;onDestroy()V-&gt;2'/>
    <string value='Lde/arnowelzel/android/periodical/MainActivityApp;-&gt;R()V-&gt;184'/>
    <string value='Lde/arnowelzel/android/periodical/MainActivityApp;-&gt;R()V-&gt;if-&gt;5'/>
    <string value='Lde/arnowelzel/android/periodical/MainActivityApp;-&gt;I(Lde/arnowelzel/android/periodical/MainActivityApp;)I-&gt;entry-&gt;0'/>
    <string value='Lde/arnowelzel/android/periodical/MainActivityApp;-&gt;dispatchTouchEvent(Landroid/view/MotionEvent;)Z-&gt;exit-&gt;7'/>
    <string value='1:Lde/arnowelzel/android/periodical/MainActivityApp;-&gt;onCreate(Landroid/os/Bundle;)V-&gt;49'/>
    <string value='Lde/arnowelzel/android/periodical/MainActivityApp;-&gt;dispatchTouchEvent(Landroid/view/MotionEvent;)Z-&gt;exit-&gt;8'/>
    <string value='0:Lde/arnowelzel/android/periodical/MainActivityApp;-&gt;onActivityResult(IILandroid/content/Intent;)V-&gt;58'/>
    <string value='Lde/arnowelzel/android/periodical/MainActivityApp;-&gt;R()V-&gt;if-&gt;208'/>
    <string value='0:Lde/arnowelzel/android/periodical/MainActivityApp;-&gt;handleCalendarButton(Landroid/view/View;)V-&gt;54'/>
    <string value='0:Lde/arnowelzel/android/periodical/MainActivityApp;-&gt;handleCalendarButton(Landroid/view/View;)V-&gt;53'/>
    <string value='Lde/arnowelzel/android/periodical/MainActivityApp;-&gt;c0()V-&gt;if-&gt;1'/>
    <string value='0:Lde/arnowelzel/android/periodical/MainActivityApp;-&gt;R()V-&gt;239'/>
    <string value='system'/>
    <string value='Lde/arnowelzel/android/periodical/MainActivityApp;-&gt;Q(Lde/arnowelzel/android/periodical/MainActivityApp;)I-&gt;entry-&gt;0'/>
    <string value='backup_uri'/>
    <string value='1:Lde/arnowelzel/android/periodical/MainActivityApp;-&gt;handleCalendarButton(Landroid/view/View;)V-&gt;7'/>
    <string value='Lde/arnowelzel/android/periodical/MainActivityApp;-&gt;U()V-&gt;13'/>
    <string value='Lde/arnowelzel/android/periodical/MainActivityApp;-&gt;onActivityResult(IILandroid/content/Intent;)V-&gt;39'/>
    <string value='Lde/arnowelzel/android/periodical/MainActivityApp;-&gt;R()V-&gt;172'/>
    <string value='0:Lde/arnowelzel/android/periodical/MainActivityApp;-&gt;handleCalendarButton(Landroid/view/View;)V-&gt;28'/>
    <string value='Lde/arnowelzel/android/periodical/MainActivityApp;-&gt;R()V-&gt;170'/>
    <string value='Lde/arnowelzel/android/periodical/MainActivityApp;-&gt;goPrev(Landroid/view/View;)V-&gt;10'/>
    <string value='Lde/arnowelzel/android/periodical/MainActivityApp;-&gt;goNext(Landroid/view/View;)V-&gt;if-&gt;5'/>
    <string value='1:Lde/arnowelzel/android/periodical/MainActivityApp;-&gt;goNext(Landroid/view/View;)V-&gt;12'/>
    <string value='Lde/arnowelzel/android/periodical/MainActivityApp;-&gt;goPrev(Landroid/view/View;)V-&gt;13'/>
    <string value='Lde/arnowelzel/android/periodical/MainActivityApp;-&gt;goPrev(Landroid/view/View;)V-&gt;if-&gt;4'/>
    <string value='0:Lde/arnowelzel/android/periodical/MainActivityApp;-&gt;onActivityResult(IILandroid/content/Intent;)V-&gt;24'/>
    <string value='Lde/arnowelzel/android/periodical/MainActivityApp;-&gt;goPrev(Landroid/view/View;)V-&gt;entry-&gt;0'/>
    <string value='Lde/arnowelzel/android/periodical/MainActivityApp;-&gt;onActivityResult(IILandroid/content/Intent;)V-&gt;35'/>
    <string value='Lde/arnowelzel/android/periodical/MainActivityApp;-&gt;M(Lde/arnowelzel/android/periodical/MainActivityApp;)V-&gt;entry-&gt;0'/>
    <string value='Lde/arnowelzel/android/periodical/MainActivityApp;-&gt;S()V-&gt;entry-&gt;0'/>
    <string value='Lde/arnowelzel/android/periodical/MainActivityApp;-&gt;goNext(Landroid/view/View;)V-&gt;entry-&gt;0'/>
    <string value='Lde/arnowelzel/android/periodical/MainActivityApp;-&gt;onPause()V-&gt;entry'/>
    <string value='Lde/arnowelzel/android/periodical/MainActivityApp;-&gt;goPrev(Landroid/view/View;)V-&gt;16'/>
    <string value='Lde/arnowelzel/android/periodical/MainActivityApp;-&gt;onCreate(Landroid/os/Bundle;)V-&gt;entry-&gt;0'/>
    <string value='Lde/arnowelzel/android/periodical/MainActivityApp;-&gt;P(Lde/arnowelzel/android/periodical/MainActivityApp;)V-&gt;exit-&gt;1'/>
    <string value='0:Lde/arnowelzel/android/periodical/MainActivityApp;-&gt;onBackPressed()V-&gt;7'/>
    <string value='Lde/arnowelzel/android/periodical/MainActivityApp;-&gt;X(III)V-&gt;entry-&gt;0'/>
    <string value='direct_details'/>
    <string value='0:Lde/arnowelzel/android/periodical/MainActivityApp;-&gt;c0()V-&gt;1'/>
    <string value='Lde/arnowelzel/android/periodical/MainActivityApp;-&gt;handleCalendarButton(Landroid/view/View;)V-&gt;entry-&gt;0'/>
    <string value='Lde/arnowelzel/android/periodical/MainActivityApp;-&gt;onActivityResult(IILandroid/content/Intent;)V-&gt;25'/>
    <string value='Lde/arnowelzel/android/periodical/MainActivityApp;-&gt;onActivityResult(IILandroid/content/Intent;)V-&gt;24'/>
    <string value='Lde/arnowelzel/android/periodical/MainActivityApp;-&gt;T()V-&gt;if-&gt;14'/>
    <string value='Lde/arnowelzel/android/periodical/MainActivityApp;-&gt;onSaveInstanceState(Landroid/os/Bundle;)V-&gt;entry-&gt;0'/>
    <string value='1:Lde/arnowelzel/android/periodical/MainActivityApp;-&gt;dispatchTouchEvent(Landroid/view/MotionEvent;)Z-&gt;3'/>
    <string value='Lde/arnowelzel/android/periodical/MainActivityApp;-&gt;c0()V-&gt;exit-&gt;14'/>
    <string value='Lde/arnowelzel/android/periodical/MainActivityApp;-&gt;onDestroy()V-&gt;entry-&gt;0'/>
    <string value='Lde/arnowelzel/android/periodical/MainActivityApp;-&gt;Y()V-&gt;entry-&gt;0'/>
    <string value='Lde/arnowelzel/android/periodical/MainActivityApp;-&gt;handleCalendarButton(Landroid/view/View;)V-&gt;83'/>
    <string value='4:Lde/arnowelzel/android/periodical/MainActivityApp;-&gt;goPrev(Landroid/view/View;)V-&gt;4'/>
    <string value='Lde/arnowelzel/android/periodical/MainActivityApp;-&gt;onActivityResult(IILandroid/content/Intent;)V-&gt;59'/>
    <string value='Lde/arnowelzel/android/periodical/MainActivityApp;-&gt;i(Landroid/view/MenuItem;)Z-&gt;exit-&gt;18'/>
    <string value='Lde/arnowelzel/android/periodical/MainActivityApp;-&gt;onActivityResult(IILandroid/content/Intent;)V-&gt;54'/>
    <string value='Lde/arnowelzel/android/periodical/MainActivityApp;-&gt;goPrev(Landroid/view/View;)V-&gt;exit-&gt;29'/>
    <string value='Lde/arnowelzel/android/periodical/MainActivityApp;-&gt;onActivityResult(IILandroid/content/Intent;)V-&gt;51'/>
    <string value='1:Lde/arnowelzel/android/periodical/MainActivityApp;-&gt;R()V-&gt;208'/>
    <string value='Lde/arnowelzel/android/periodical/MainActivityApp;-&gt;handleCalendarButton(Landroid/view/View;)V-&gt;86'/>
    <string value='Lde/arnowelzel/android/periodical/MainActivityApp;-&gt;onStop()V-&gt;entry'/>
    <string value='Lde/arnowelzel/android/periodical/MainActivityApp;-&gt;handleCalendarButton(Landroid/view/View;)V-&gt;88'/>
    <string value='Lde/arnowelzel/android/periodical/MainActivityApp;-&gt;onActivityResult(IILandroid/content/Intent;)V-&gt;56'/>
    <string value='Lde/arnowelzel/android/periodical/MainActivityApp;-&gt;R()V-&gt;6'/>
    <string value='Lde/arnowelzel/android/periodical/MainActivityApp;-&gt;R()V-&gt;68'/>
    <string value='Lde/arnowelzel/android/periodical/MainActivityApp;-&gt;R()V-&gt;69'/>
    <string value='Lde/arnowelzel/android/periodical/MainActivityApp;-&gt;onActivityResult(IILandroid/content/Intent;)V-&gt;if-&gt;4'/>
    <string value='Lde/arnowelzel/android/periodical/MainActivityApp;-&gt;i(Landroid/view/MenuItem;)Z-&gt;exit-&gt;20'/>
    <string value='Lde/arnowelzel/android/periodical/MainActivityApp;-&gt;onActivityResult(IILandroid/content/Intent;)V-&gt;if-&gt;2'/>
    <string value='Lde/arnowelzel/android/periodical/MainActivityApp;-&gt;onActivityResult(IILandroid/content/Intent;)V-&gt;if-&gt;9'/>
    <string value='Lde/arnowelzel/android/periodical/MainActivityApp;-&gt;onActivityResult(IILandroid/content/Intent;)V-&gt;if-&gt;6'/>
    <string value='Lde/arnowelzel/android/periodical/MainActivityApp;-&gt;i(Landroid/view/MenuItem;)Z-&gt;exit-&gt;26'/>
    <string value='Lde/arnowelzel/android/periodical/MainActivityApp;-&gt;onBackPressed()V-&gt;if-&gt;7'/>
    <string value='Lde/arnowelzel/android/periodical/MainActivityApp;-&gt;L(Lde/arnowelzel/android/periodical/MainActivityApp;)V-&gt;exit-&gt;1'/>
    <string value='%s - %s %d - %s %d - %s %d'/>
    <string value='Lde/arnowelzel/android/periodical/MainActivityApp;-&gt;onActivityResult(IILandroid/content/Intent;)V-&gt;exit-&gt;73'/>
    <string value='5:Lde/arnowelzel/android/periodical/MainActivityApp;-&gt;R()V-&gt;183'/>
    <string value='Lde/arnowelzel/android/periodical/MainActivityApp;-&gt;i(Landroid/view/MenuItem;)Z-&gt;exit-&gt;22'/>
    <string value='day'/>
    <string value='Lde/arnowelzel/android/periodical/MainActivityApp;-&gt;i(Landroid/view/MenuItem;)Z-&gt;exit-&gt;24'/>
    <string value='Lde/arnowelzel/android/periodical/MainActivityApp;-&gt;J(Lde/arnowelzel/android/periodical/MainActivityApp;III)V-&gt;exit-&gt;1'/>
    <string value='Lde/arnowelzel/android/periodical/MainActivityApp;-&gt;Y()V-&gt;exit-&gt;6'/>
    <string value='Lde/arnowelzel/android/periodical/MainActivityApp;-&gt;onActivityResult(IILandroid/content/Intent;)V-&gt;49'/>
    <string value='1:Lde/arnowelzel/android/periodical/MainActivityApp;-&gt;R()V-&gt;210'/>
    <string value='Lde/arnowelzel/android/periodical/MainActivityApp;-&gt;W()V-&gt;exit-&gt;6'/>
    <string value='1:Lde/arnowelzel/android/periodical/MainActivityApp;-&gt;R()V-&gt;212'/>
    <string value='0:Lde/arnowelzel/android/periodical/MainActivityApp;-&gt;onActivityResult(IILandroid/content/Intent;)V-&gt;13'/>
    <string value='Lde/arnowelzel/android/periodical/MainActivityApp;-&gt;O(Lde/arnowelzel/android/periodical/MainActivityApp;)V-&gt;exit-&gt;1'/>
    <string value='Lde/arnowelzel/android/periodical/MainActivityApp;-&gt;R()V-&gt;8'/>
    <string value='0:Lde/arnowelzel/android/periodical/MainActivityApp;-&gt;onActivityResult(IILandroid/content/Intent;)V-&gt;11'/>
    <string value='1:Lde/arnowelzel/android/periodical/MainActivityApp;-&gt;handleCalendarButton(Landroid/view/View;)V-&gt;15'/>
    <string value='Lde/arnowelzel/android/periodical/MainActivityApp;-&gt;dispatchTouchEvent(Landroid/view/MotionEvent;)Z-&gt;entry-&gt;0'/>
    <string value='Lde/arnowelzel/android/periodical/MainActivityApp;-&gt;onDestroy()V-&gt;3'/>
    <string value='Lde/arnowelzel/android/periodical/MainActivityApp;-&gt;S()V-&gt;exit-&gt;6'/>
    <string value='Lde/arnowelzel/android/periodical/MainActivityApp;-&gt;onDestroy()V-&gt;4'/>
    <string value='Lde/arnowelzel/android/periodical/MainActivityApp;-&gt;U()V-&gt;55'/>
    <string value='Lde/arnowelzel/android/periodical/MainActivityApp;-&gt;a0()V-&gt;exit-&gt;5'/>
    <string value='Lde/arnowelzel/android/periodical/MainActivityApp;-&gt;onBackPressed()V-&gt;8'/>
    <string value='Lde/arnowelzel/android/periodical/MainActivityApp;-&gt;R()V-&gt;73'/>
    <string value='Lde/arnowelzel/android/periodical/MainActivityApp;-&gt;&lt;init&gt;()V-&gt;entry-&gt;0'/>
    <string value='Lde/arnowelzel/android/periodical/MainActivityApp;-&gt;onActivityResult(IILandroid/content/Intent;)V-&gt;3'/>
    <string value='5:Lde/arnowelzel/android/periodical/MainActivityApp;-&gt;R()V-&gt;169'/>
    <string value='Lde/arnowelzel/android/periodical/MainActivityApp;-&gt;handleCalendarButton(Landroid/view/View;)V-&gt;if-&gt;7'/>
    <string value='Lde/arnowelzel/android/periodical/MainActivityApp;-&gt;K(Lde/arnowelzel/android/periodical/MainActivityApp;)Lde/arnowelzel/android/periodical/e;-&gt;entry-&gt;0'/>
    <string value='Lde/arnowelzel/android/periodical/MainActivityApp;-&gt;M(Lde/arnowelzel/android/periodical/MainActivityApp;)V-&gt;exit-&gt;1'/>
    <string value='Lde/arnowelzel/android/periodical/MainActivityApp;-&gt;onActivityResult(IILandroid/content/Intent;)V-&gt;73'/>
    <string value='Lde/arnowelzel/android/periodical/MainActivityApp;-&gt;onDestroy()V-&gt;if-&gt;2'/>
    <string value='Lde/arnowelzel/android/periodical/MainActivityApp;-&gt;R()V-&gt;if-&gt;192'/>
    <string value='Lde/arnowelzel/android/periodical/MainActivityApp;-&gt;R()V-&gt;if-&gt;190'/>
    <string value='Lde/arnowelzel/android/periodical/MainActivityApp;-&gt;c0()V-&gt;2'/>
    <string value='Lde/arnowelzel/android/periodical/MainActivityApp;-&gt;c0()V-&gt;14'/>
    <string value='Lde/arnowelzel/android/periodical/MainActivityApp;-&gt;H(Lde/arnowelzel/android/periodical/MainActivityApp;Z)Z-&gt;exit-&gt;1'/>
    <string value='Lde/arnowelzel/android/periodical/MainActivityApp;-&gt;R()V-&gt;if-&gt;183'/>
    <string value='Lde/arnowelzel/android/periodical/MainActivityApp;-&gt;handleCalendarButton(Landroid/view/View;)V-&gt;exit-&gt;114'/>
    <string value='Lde/arnowelzel/android/periodical/MainActivityApp;-&gt;N(Lde/arnowelzel/android/periodical/MainActivityApp;)V-&gt;exit-&gt;1'/>
    <string value='Lde/arnowelzel/android/periodical/MainActivityApp;-&gt;i(Landroid/view/MenuItem;)Z-&gt;exit-&gt;14'/>
    <string value='Lde/arnowelzel/android/periodical/MainActivityApp;-&gt;i(Landroid/view/MenuItem;)Z-&gt;exit-&gt;16'/>
    <string value='Lde/arnowelzel/android/periodical/MainActivityApp;-&gt;i(Landroid/view/MenuItem;)Z-&gt;exit-&gt;10'/>
    <string value='Lde/arnowelzel/android/periodical/MainActivityApp;-&gt;onActivityResult(IILandroid/content/Intent;)V-&gt;5'/>
    <string value='Lde/arnowelzel/android/periodical/MainActivityApp;-&gt;R()V-&gt;51'/>
    <string value='Lde/arnowelzel/android/periodical/MainActivityApp;-&gt;Z()V-&gt;entry-&gt;0'/>
    <string value='Lde/arnowelzel/android/periodical/MainActivityApp;-&gt;goCurrent(Landroid/view/View;)V-&gt;exit-&gt;2'/>
    <string value='Lde/arnowelzel/android/periodical/MainActivityApp;-&gt;goNext(Landroid/view/View;)V-&gt;6'/>
    <string value='Lde/arnowelzel/android/periodical/MainActivityApp;-&gt;i(Landroid/view/MenuItem;)Z-&gt;exit-&gt;12'/>
    <string value='Lde/arnowelzel/android/periodical/MainActivityApp;-&gt;onActivityResult(IILandroid/content/Intent;)V-&gt;7'/>
</strings>
<strings class='de.arnowelzel.android.periodical.b' type='activity'>
    <string value='Lde/arnowelzel/android/periodical/b;-&gt;onPostCreate(Landroid/os/Bundle;)V-&gt;entry-&gt;0'/>
    <string value='1:Lde/arnowelzel/android/periodical/b;-&gt;a()Landroidx/appcompat/app/g;-&gt;1'/>
    <string value='Lde/arnowelzel/android/periodical/b;-&gt;onConfigurationChanged(Landroid/content/res/Configuration;)V-&gt;entry-&gt;0'/>
    <string value='Lde/arnowelzel/android/periodical/b;-&gt;onConfigurationChanged(Landroid/content/res/Configuration;)V-&gt;exit-&gt;4'/>
    <string value='Lde/arnowelzel/android/periodical/b;-&gt;onTitleChanged(Ljava/lang/CharSequence;I)V-&gt;entry-&gt;0'/>
    <string value='Lde/arnowelzel/android/periodical/b;-&gt;onTitleChanged(Ljava/lang/CharSequence;I)V-&gt;exit-&gt;4'/>
    <string value='Lde/arnowelzel/android/periodical/b;-&gt;onPostResume()V-&gt;entry-&gt;0'/>
    <string value='Lde/arnowelzel/android/periodical/b;-&gt;onPostResume()V-&gt;exit-&gt;4'/>
    <string value='Lde/arnowelzel/android/periodical/b;-&gt;onDestroy()V-&gt;entry-&gt;0'/>
    <string value='Lde/arnowelzel/android/periodical/b;-&gt;&lt;init&gt;()V-&gt;exit-&gt;1'/>
    <string value='Lde/arnowelzel/android/periodical/b;-&gt;onCreate(Landroid/os/Bundle;)V-&gt;exit-&gt;7'/>
    <string value='Lde/arnowelzel/android/periodical/b;-&gt;b()Landroidx/appcompat/app/a;-&gt;exit-&gt;4'/>
    <string value='Lde/arnowelzel/android/periodical/b;-&gt;onStop()V-&gt;exit-&gt;4'/>
    <string value='Lde/arnowelzel/android/periodical/b;-&gt;a()Landroidx/appcompat/app/g;-&gt;6'/>
    <string value='Lde/arnowelzel/android/periodical/b;-&gt;a()Landroidx/appcompat/app/g;-&gt;exit-&gt;7'/>
    <string value='Lde/arnowelzel/android/periodical/b;-&gt;onPostCreate(Landroid/os/Bundle;)V-&gt;exit-&gt;4'/>
    <string value='Lde/arnowelzel/android/periodical/b;-&gt;a()Landroidx/appcompat/app/g;-&gt;if-&gt;1'/>
    <string value='Lde/arnowelzel/android/periodical/b;-&gt;b()Landroidx/appcompat/app/a;-&gt;entry-&gt;0'/>
    <string value='Lde/arnowelzel/android/periodical/b;-&gt;a()Landroidx/appcompat/app/g;-&gt;2'/>
    <string value='Lde/arnowelzel/android/periodical/b;-&gt;&lt;init&gt;()V-&gt;entry-&gt;0'/>
    <string value='Lde/arnowelzel/android/periodical/b;-&gt;onDestroy()V-&gt;exit-&gt;4'/>
    <string value='Lde/arnowelzel/android/periodical/b;-&gt;onStop()V-&gt;entry-&gt;0'/>
    <string value='Lde/arnowelzel/android/periodical/b;-&gt;a()Landroidx/appcompat/app/g;-&gt;entry-&gt;0'/>
    <string value='Lde/arnowelzel/android/periodical/b;-&gt;onCreate(Landroid/os/Bundle;)V-&gt;entry-&gt;0'/>
</strings>
<strings class='de.arnowelzel.android.periodical.PreferenceActivity' type='activity'>
    <string value='Lde/arnowelzel/android/periodical/PreferenceActivity;-&gt;onOptionsItemSelected(Landroid/view/MenuItem;)Z-&gt;entry-&gt;0'/>
    <string value='Lde/arnowelzel/android/periodical/PreferenceActivity;-&gt;c(Landroid/preference/Preference;)V-&gt;if-&gt;6'/>
    <string value='1:Lde/arnowelzel/android/periodical/PreferenceActivity;-&gt;onSharedPreferenceChanged(Landroid/content/SharedPreferences;Ljava/lang/String;)V-&gt;42'/>
    <string value='Lde/arnowelzel/android/periodical/PreferenceActivity;-&gt;c(Landroid/preference/Preference;)V-&gt;if-&gt;1'/>
    <string value='assword'/>
    <string value='Lde/arnowelzel/android/periodical/PreferenceActivity;-&gt;onPause()V-&gt;entry-&gt;0'/>
    <string value='Lde/arnowelzel/android/periodical/PreferenceActivity;-&gt;onPause()V-&gt;exit-&gt;6'/>
    <string value='Lde/arnowelzel/android/periodical/PreferenceActivity;-&gt;onSharedPreferenceChanged(Landroid/content/SharedPreferences;Ljava/lang/String;)V-&gt;44'/>
    <string value='Lde/arnowelzel/android/periodical/PreferenceActivity;-&gt;onSharedPreferenceChanged(Landroid/content/SharedPreferences;Ljava/lang/String;)V-&gt;43'/>
    <string value='1:Lde/arnowelzel/android/periodical/PreferenceActivity;-&gt;onSharedPreferenceChanged(Landroid/content/SharedPreferences;Ljava/lang/String;)V-&gt;49'/>
    <string value='Lde/arnowelzel/android/periodical/PreferenceActivity;-&gt;d(Landroid/preference/Preference;)V-&gt;entry-&gt;0'/>
    <string value='Lde/arnowelzel/android/periodical/PreferenceActivity;-&gt;d(Landroid/preference/Preference;)V-&gt;21'/>
    <string value='Lde/arnowelzel/android/periodical/PreferenceActivity;-&gt;onSharedPreferenceChanged(Landroid/content/SharedPreferences;Ljava/lang/String;)V-&gt;if-&gt;21'/>
    <string value='Lde/arnowelzel/android/periodical/PreferenceActivity;-&gt;d(Landroid/preference/Preference;)V-&gt;24'/>
    <string value='show_cycle'/>
    <string value='Lde/arnowelzel/android/periodical/PreferenceActivity;-&gt;c(Landroid/preference/Preference;)V-&gt;exit-&gt;13'/>
    <string value='0:Lde/arnowelzel/android/periodical/PreferenceActivity;-&gt;d(Landroid/preference/Preference;)V-&gt;18'/>
    <string value='Lde/arnowelzel/android/periodical/PreferenceActivity;-&gt;onSharedPreferenceChanged(Landroid/content/SharedPreferences;Ljava/lang/String;)V-&gt;51'/>
    <string value='Lde/arnowelzel/android/periodical/PreferenceActivity;-&gt;onSharedPreferenceChanged(Landroid/content/SharedPreferences;Ljava/lang/String;)V-&gt;95'/>
    <string value='Lde/arnowelzel/android/periodical/PreferenceActivity;-&gt;onSharedPreferenceChanged(Landroid/content/SharedPreferences;Ljava/lang/String;)V-&gt;50'/>
    <string value='1:Lde/arnowelzel/android/periodical/PreferenceActivity;-&gt;onSharedPreferenceChanged(Landroid/content/SharedPreferences;Ljava/lang/String;)V-&gt;35'/>
    <string value='Lde/arnowelzel/android/periodical/PreferenceActivity;-&gt;onSharedPreferenceChanged(Landroid/content/SharedPreferences;Ljava/lang/String;)V-&gt;if-&gt;28'/>
    <string value='Lde/arnowelzel/android/periodical/PreferenceActivity;-&gt;onSharedPreferenceChanged(Landroid/content/SharedPreferences;Ljava/lang/String;)V-&gt;99'/>
    <string value='Lde/arnowelzel/android/periodical/PreferenceActivity;-&gt;onSharedPreferenceChanged(Landroid/content/SharedPreferences;Ljava/lang/String;)V-&gt;16'/>
    <string value='Lde/arnowelzel/android/periodical/PreferenceActivity;-&gt;onSharedPreferenceChanged(Landroid/content/SharedPreferences;Ljava/lang/String;)V-&gt;if-&gt;35'/>
    <string value='Lde/arnowelzel/android/periodical/PreferenceActivity;-&gt;onSharedPreferenceChanged(Landroid/content/SharedPreferences;Ljava/lang/String;)V-&gt;15'/>
    <string value='Lde/arnowelzel/android/periodical/PreferenceActivity;-&gt;onSharedPreferenceChanged(Landroid/content/SharedPreferences;Ljava/lang/String;)V-&gt;58'/>
    <string value='Lde/arnowelzel/android/periodical/PreferenceActivity;-&gt;c(Landroid/preference/Preference;)V-&gt;entry-&gt;0'/>
    <string value='Lde/arnowelzel/android/periodical/PreferenceActivity;-&gt;onSharedPreferenceChanged(Landroid/content/SharedPreferences;Ljava/lang/String;)V-&gt;57'/>
    <string value='system'/>
    <string value='Lde/arnowelzel/android/periodical/PreferenceActivity;-&gt;c(Landroid/preference/Preference;)V-&gt;12'/>
    <string value='Lde/arnowelzel/android/periodical/PreferenceActivity;-&gt;c(Landroid/preference/Preference;)V-&gt;13'/>
    <string value='Lde/arnowelzel/android/periodical/PreferenceActivity;-&gt;onOptionsItemSelected(Landroid/view/MenuItem;)Z-&gt;if-&gt;3'/>
    <string value='0:Lde/arnowelzel/android/periodical/PreferenceActivity;-&gt;onOptionsItemSelected(Landroid/view/MenuItem;)Z-&gt;3'/>
    <string value='maximum_cycle_length'/>
    <string value='0:Lde/arnowelzel/android/periodical/PreferenceActivity;-&gt;c(Landroid/preference/Preference;)V-&gt;1'/>
    <string value='1:Lde/arnowelzel/android/periodical/PreferenceActivity;-&gt;onSharedPreferenceChanged(Landroid/content/SharedPreferences;Ljava/lang/String;)V-&gt;21'/>
    <string value='Lde/arnowelzel/android/periodical/PreferenceActivity;-&gt;onOptionsItemSelected(Landroid/view/MenuItem;)Z-&gt;exit-&gt;9'/>
    <string value='Lde/arnowelzel/android/periodical/PreferenceActivity;-&gt;onSharedPreferenceChanged(Landroid/content/SharedPreferences;Ljava/lang/String;)V-&gt;exit-&gt;103'/>
    <string value='Lde/arnowelzel/android/periodical/PreferenceActivity;-&gt;&lt;init&gt;()V-&gt;entry-&gt;0'/>
    <string value='Lde/arnowelzel/android/periodical/PreferenceActivity;-&gt;onCreate(Landroid/os/Bundle;)V-&gt;entry-&gt;0'/>
    <string value='Lde/arnowelzel/android/periodical/PreferenceActivity;-&gt;onOptionsItemSelected(Landroid/view/MenuItem;)Z-&gt;exit-&gt;6'/>
    <string value='4:Lde/arnowelzel/android/periodical/PreferenceActivity;-&gt;c(Landroid/preference/Preference;)V-&gt;6'/>
    <string value='Lde/arnowelzel/android/periodical/PreferenceActivity;-&gt;onSharedPreferenceChanged(Landroid/content/SharedPreferences;Ljava/lang/String;)V-&gt;23'/>
    <string value='locale'/>
    <string value='Lde/arnowelzel/android/periodical/PreferenceActivity;-&gt;onSharedPreferenceChanged(Landroid/content/SharedPreferences;Ljava/lang/String;)V-&gt;22'/>
    <string value='******'/>
    <string value='1:Lde/arnowelzel/android/periodical/PreferenceActivity;-&gt;onSharedPreferenceChanged(Landroid/content/SharedPreferences;Ljava/lang/String;)V-&gt;28'/>
    <string value='Lde/arnowelzel/android/periodical/PreferenceActivity;-&gt;&lt;init&gt;()V-&gt;exit-&gt;1'/>
    <string value='Lde/arnowelzel/android/periodical/PreferenceActivity;-&gt;d(Landroid/preference/Preference;)V-&gt;if-&gt;1'/>
    <string value='Lde/arnowelzel/android/periodical/PreferenceActivity;-&gt;onOptionsItemSelected(Landroid/view/MenuItem;)Z-&gt;7'/>
    <string value='Lde/arnowelzel/android/periodical/PreferenceActivity;-&gt;&lt;clinit&gt;()V-&gt;exit-&gt;1'/>
    <string value='Lde/arnowelzel/android/periodical/PreferenceActivity;-&gt;onOptionsItemSelected(Landroid/view/MenuItem;)Z-&gt;4'/>
    <string value='Lde/arnowelzel/android/periodical/PreferenceActivity;-&gt;onSharedPreferenceChanged(Landroid/content/SharedPreferences;Ljava/lang/String;)V-&gt;if-&gt;42'/>
    <string value='Lde/arnowelzel/android/periodical/PreferenceActivity;-&gt;onSharedPreferenceChanged(Landroid/content/SharedPreferences;Ljava/lang/String;)V-&gt;29'/>
    <string value='Lde/arnowelzel/android/periodical/PreferenceActivity;-&gt;d(Landroid/preference/Preference;)V-&gt;if-&gt;18'/>
    <string value='Lde/arnowelzel/android/periodical/PreferenceActivity;-&gt;d(Landroid/preference/Preference;)V-&gt;if-&gt;8'/>
    <string value='Lde/arnowelzel/android/periodical/PreferenceActivity;-&gt;c(Landroid/preference/Preference;)V-&gt;7'/>
    <string value='period_length'/>
    <string value='Lde/arnowelzel/android/periodical/PreferenceActivity;-&gt;&lt;clinit&gt;()V-&gt;entry-&gt;0'/>
    <string value='Lde/arnowelzel/android/periodical/PreferenceActivity;-&gt;c(Landroid/preference/Preference;)V-&gt;2'/>
    <string value='Lde/arnowelzel/android/periodical/PreferenceActivity;-&gt;d(Landroid/preference/Preference;)V-&gt;exit-&gt;24'/>
    <string value='direct_details'/>
    <string value='startofweek'/>
    <string value='Lde/arnowelzel/android/periodical/PreferenceActivity;-&gt;d(Landroid/preference/Preference;)V-&gt;9'/>
    <string value='Lde/arnowelzel/android/periodical/PreferenceActivity;-&gt;d(Landroid/preference/Preference;)V-&gt;7'/>
    <string value='1:Lde/arnowelzel/android/periodical/PreferenceActivity;-&gt;onSharedPreferenceChanged(Landroid/content/SharedPreferences;Ljava/lang/String;)V-&gt;14'/>
    <string value='Lde/arnowelzel/android/periodical/PreferenceActivity;-&gt;onSharedPreferenceChanged(Landroid/content/SharedPreferences;Ljava/lang/String;)V-&gt;30'/>
    <string value='1:Lde/arnowelzel/android/periodical/PreferenceActivity;-&gt;onSharedPreferenceChanged(Landroid/content/SharedPreferences;Ljava/lang/String;)V-&gt;56'/>
    <string value='Lde/arnowelzel/android/periodical/PreferenceActivity;-&gt;onSharedPreferenceChanged(Landroid/content/SharedPreferences;Ljava/lang/String;)V-&gt;entry-&gt;0'/>
    <string value='Lde/arnowelzel/android/periodical/PreferenceActivity;-&gt;d(Landroid/preference/Preference;)V-&gt;2'/>
    <string value='Lde/arnowelzel/android/periodical/PreferenceActivity;-&gt;onSharedPreferenceChanged(Landroid/content/SharedPreferences;Ljava/lang/String;)V-&gt;if-&gt;49'/>
    <string value='0:Lde/arnowelzel/android/periodical/PreferenceActivity;-&gt;d(Landroid/preference/Preference;)V-&gt;1'/>
    <string value='Lde/arnowelzel/android/periodical/PreferenceActivity;-&gt;onSharedPreferenceChanged(Landroid/content/SharedPreferences;Ljava/lang/String;)V-&gt;if-&gt;14'/>
    <string value='Lde/arnowelzel/android/periodical/PreferenceActivity;-&gt;onSharedPreferenceChanged(Landroid/content/SharedPreferences;Ljava/lang/String;)V-&gt;37'/>
    <string value='Lde/arnowelzel/android/periodical/PreferenceActivity;-&gt;onSharedPreferenceChanged(Landroid/content/SharedPreferences;Ljava/lang/String;)V-&gt;36'/>
    <string value='Lde/arnowelzel/android/periodical/PreferenceActivity;-&gt;onSharedPreferenceChanged(Landroid/content/SharedPreferences;Ljava/lang/String;)V-&gt;if-&gt;56'/>
    <string value='Lde/arnowelzel/android/periodical/PreferenceActivity;-&gt;onCreate(Landroid/os/Bundle;)V-&gt;exit-&gt;33'/>
    <string value='Lde/arnowelzel/android/periodical/PreferenceActivity;-&gt;onSharedPreferenceChanged(Landroid/content/SharedPreferences;Ljava/lang/String;)V-&gt;if-&gt;94'/>
    <string value='0:Lde/arnowelzel/android/periodical/PreferenceActivity;-&gt;d(Landroid/preference/Preference;)V-&gt;8'/>
    <string value='Lde/arnowelzel/android/periodical/PreferenceActivity;-&gt;onResume()V-&gt;entry-&gt;0'/>
    <string value='Lde/arnowelzel/android/periodical/PreferenceActivity;-&gt;onResume()V-&gt;exit-&gt;6'/>
    <string value='Lde/arnowelzel/android/periodical/PreferenceActivity;-&gt;d(Landroid/preference/Preference;)V-&gt;19'/>
    <string value='luteal_length'/>
    <string value='0:Lde/arnowelzel/android/periodical/PreferenceActivity;-&gt;onSharedPreferenceChanged(Landroid/content/SharedPreferences;Ljava/lang/String;)V-&gt;94'/>
</strings>
